x,y
0.035832,-0.0051367
0.048631,0.015574
0.06143,0.036284
0.015127,-0.0063251
-0.031177,-0.048935
-0.048118,-0.12105
-0.11396,0.053906
-0.08615,0.042708
0.0054281,-0.11594
-0.083112,-0.14142
-0.010547,-0.19651
-0.1794,-0.15726
-0.21096,-0.035503
-0.24252,0.086256
-0.079416,-0.084833
0.083693,-0.25592
-0.20928,0.057966
-0.10921,-0.1029
-0.056069,-0.08764
-0.0015084,-0.093432
-0.09771,-0.058336
0.058689,-0.075429
-0.0085083,-0.011537
-0.013527,-0.024665
-0.0012488,-0.031142
0.042651,-0.019486
0.099689,0.006286
-0.011888,0.018726
0.026015,0.10818
0.0086339,0.14977
0.09753,0.14923
0.11091,0.1542
-0.12469,0.18301
-0.022495,0.21685
-0.11956,0.17914
0.1369,-0.09979
0.081259,-0.054303
0.067021,-0.021855
0.1149,-0.042652
0.0051246,-0.03121
0.051347,-0.065321
-0.014139,0.049437
-0.0089841,0.067168
0.0021986,0.058537
0.03366,0.030916
0.065121,0.0032948
0.085931,-0.026954
-0.052305,-0.055127
-0.12687,-0.097493
0.036575,-0.094529
0.1174,-0.037868
0.1139,-0.03148
-0.036407,-0.014764
-0.069719,-0.054681
-0.0056697,-0.015239
-0.043342,-0.0033101
-0.06199,0.032271
-0.089512,-0.015382
0.014715,-0.034403
-0.041707,-0.069677
0.0022962,0.0018396
-0.031715,-0.027406
-0.051813,-0.056214
-0.058327,-0.079775
0.0099529,-0.027626
0.013276,-0.0078085
0.016071,-0.0073745
0.029879,-0.024262
0.049979,-0.028446
0.069866,-0.043354
-0.030689,-0.066886
-0.0094305,-0.079362
0.014668,-0.10279
-0.011503,0.088758
0.091775,0.011563
0.058101,-0.064742
0.098647,-0.022319
0.057465,-0.021634
0.070448,-0.088839
0.063077,-0.084127
0.012573,-0.019249
0.039008,0.022911
0.038578,0.052059
0.017426,0.070637
0.0084264,-0.040431
-0.028107,0.0019264
-0.065973,0.041285
-0.098505,0.035958
-0.021359,-0.073037
-0.048275,-0.11981
-0.03942,0.029809
-0.07238,-0.016105
-0.0050819,0.010393
-0.029888,0.059792
-0.055355,-0.038731
-0.10316,-0.0020673
-0.039982,-0.060296
-0.055775,-0.12197
-0.045379,0.00023573
-0.10637,-0.033883
-0.060859,-0.073302
-0.11792,-0.10026
0.02998,0.089537
-0.00020432,-0.019051
-0.028268,-0.06758
-0.047085,0.039421
-0.090968,0.029657
-0.043922,-0.036292
-0.054742,-0.01814
-0.069039,-0.0052574
-0.086828,0.0072157
0.023992,-0.018521
0.053038,0.0032123
0.098505,-0.0044477
-0.008191,0.029879
0.063973,0.011169
0.022933,0.010174
4.828e-05,-0.052728
-0.010691,0.048694
0.048895,0.088463
0.064425,0.010645
0.12462,-0.017594
0.10541,-0.029117
-0.017307,-0.010588
0.022789,0.010812
0.062813,0.032999
0.11127,0.049673
-0.025836,-0.039725
-0.010596,-0.06675
0.032587,0.027228
0.016382,0.017582
0.0096343,0.030408
0.0082671,0.056474
0.062442,-0.039726
0.10464,-0.014413
-0.048335,0.059306
-0.014368,-0.048421
-0.10487,-0.026837
-0.10043,0.054457
0.06611,0.031745
0.0015442,0.018941
0.049563,0.077968
-0.033701,0.085298
0.062754,0.046192
0.060309,0.10453
-0.08293,-0.0011991
-0.13602,-0.0020111
0.044931,0.033323
0.034793,0.056318
0.038224,0.08685
0.047675,0.022871
0.029336,-0.014733
-0.0052752,-0.048246
0.049114,-0.051151
0.013244,-0.050449
-0.021745,-0.11564
0.091605,0.026564
-0.067595,-0.044264
-0.011847,-0.1104
-0.06415,-0.043074
0.027728,-0.0091877
-0.026597,-0.067341
0.093128,0.046374
0.05121,0.015156
0.097619,0.021148
0.064785,0.026754
0.065258,0.0041199
0.070389,-0.02381
0.07007,-0.071888
-0.001404,-0.079589
0.067118,-0.058112
0.046018,-0.078385
0.017879,-0.094565
-0.013013,-0.077932
-0.04073,-0.046168
-0.066408,-0.013714
-0.054675,0.044848
-0.08896,0.02025
-0.081868,0.029745
-0.006681,0.08907
-0.038148,0.033612
-0.03536,-0.10236
-0.025146,0.05029
-0.081149,0.054042
0.063356,0.030601
0.025145,0.088608
0.0097112,0.028733
0.034669,0.067442
0.059018,0.091755
0.025872,0.040552
-0.007275,-0.010651
0.0078377,0.014635
0.02295,0.039921
0.04584,0.074015
-0.023624,0.054484
-0.045809,0.081803
0.060914,-0.00102
0.07432,-0.0058863
0.080248,-0.025132
0.078978,-0.072933
0.0075072,-0.0012323
0.015365,-0.051463
-0.012656,0.06147
0.060143,0.082273
-0.01494,-0.054621
-0.036808,-0.11972
0.030651,0.0056719
0.085594,-0.006235
0.05276,-0.030942
0.10193,-0.047352
-0.0022756,-0.017614
0.0073896,-0.055213
0.013293,-0.08475
0.050202,0.020585
0.048008,0.035615
0.054483,0.086681
-0.026012,0.019843
-0.042459,0.082529
-0.023342,-0.062064
0.0030626,-0.036595
-0.042546,-0.039271
0.0012221,0.049181
-0.038639,0.050739
-0.030666,0.013127
-0.017218,0.047833
-0.0063075,0.075826
0.023063,0.037588
0.036103,0.03884
0.060904,0.02775
-0.05624,0.022626
-0.076733,-0.0078517
-0.0027387,-0.017335
0.036853,-0.057611
0.088318,-0.099911
0.032233,0.002494
0.068888,-0.012714
0.10327,-0.020372
-0.020712,-0.0095063
-0.013182,-0.000231
-0.0044981,0.022785
0.0050929,0.04319
-0.0044184,0.060339
0.035598,-0.051287
0.0037449,-0.03743
-0.031641,-0.027782
-0.067244,-0.0072833
-0.10766,0.019818
-0.059204,-0.016943
-0.03117,0.10776
0.082845,-0.02381
-0.040473,0.018549
-0.0055621,0.043955
0.028378,0.061834
0.067846,0.080014
0.060624,-0.050404
0.083718,-0.026548
-0.04079,-0.0011172
-0.077466,0.023077
0.0021886,0.063644
0.023633,0.068546
0.0079419,-0.0042648
0.015013,0.040863
-0.00047388,0.088782
0.0050089,0.070721
-0.049887,0.088856
-0.036979,-0.0021823
-0.041769,-0.052303
-0.049939,-0.10048
-0.010145,0.015085
-0.034633,-0.012129
0.052099,0.0025696
0.067007,-0.025725
0.095011,-0.046592
-0.020969,-0.052474
0.03342,-0.07205
0.0070254,-0.037938
-0.037061,-0.082189
0.07318,-0.04581
0.13891,-0.0029076
-0.03679,-0.048152
-0.029752,-0.12103
0.13758,-0.024413
0.11506,-0.0055266
-0.044886,0.046446
0.089714,-0.019887
0.010508,-0.016671
0.0062139,0.0029968
-0.0080394,0.015074
-0.036431,0.010266
-0.060363,0.0041714
0.030585,0.040439
0.018379,0.028666
0.0031856,0.01913
-0.024576,0.011225
-0.049947,-0.0056619
-0.079364,-0.015167
-0.0293,0.039037
-0.082982,0.03847
-0.09503,0.090222
0.033026,0.010441
0.04286,0.026226
0.054437,0.046334
0.083292,0.07069
0.001661,-0.013619
-0.0044418,0.020909
3.6941e-06,0.051734
0.0032022,0.089475
0.025009,-0.026465
0.014019,-0.0054324
0.020149,0.001058
0.023463,-0.012633
0.035162,-0.025938
0.041459,-0.04909
0.037727,-0.076062
-0.018285,-0.016066
0.0038743,-0.062348
-0.021967,0.050697
0.043089,0.077296
0.0049563,-0.034067
-0.012617,-0.10217
-0.00044372,0.035529
0.042573,0.045828
0.070605,0.064527
0.019635,-0.019737
0.03429,0.0075728
0.034936,0.036759
0.029147,0.061203
0.025178,0.07533
0.013377,0.078289
0.010746,0.073961
0.003613,0.065393
-0.00088707,0.03585
0.0048954,-0.0041698
0.0092007,-0.067178
-0.038674,-0.041215
0.033565,-0.053388
0.016477,-0.089357
-0.07686,-0.023724
-0.074173,-0.050749
0.027797,0.069444
-0.010795,-0.084954
0.048285,-0.10309
0.01856,0.022959
0.036316,0.0082187
0.050368,0.0028881
0.061743,-0.0057089
0.052896,-0.020387
0.032516,-0.026672
0.0032315,-0.026565
-0.043001,-0.014465
-0.1075,0.0030671
-0.023947,0.014716
-0.065551,0.02992
-0.10325,0.058477
0.085138,0.0567
-0.078582,-0.027378
0.058316,-0.015863
0.078863,0.02289
-0.019779,-0.016777
-0.045561,-0.0092389
-0.06348,-0.0076358
0.016407,0.002618
0.0017502,0.030662
-0.026278,0.067458
-0.061158,0.10894
-0.034691,0.058915
-0.047098,0.12061
-0.0025698,0.040222
-0.056283,0.06774
-0.10031,0.083887
0.0641,0.013346
0.041372,0.041351
0.0057873,0.088251
-0.01355,-0.010188
-0.07219,0.0017507
-0.1327,0.010577
-0.01287,0.0031691
-0.09336,-0.0028463
-0.051793,0.071141
0.020364,-0.0089481
0.084079,0.017843
-0.083835,0.0022283
0.1109,0.012625
0.02956,0.021353
0.098005,0.047072
0.013607,0.011594
0.058127,0.040065
0.086579,0.074465
0.019214,0.024051
0.015909,0.038474
0.016938,0.041585
0.030281,0.039398
0.047465,0.04792
0.067252,0.070086
0.005158,-0.078464
0.04513,0.050282
0.053146,0.042275
0.055766,0.023873
0.049466,-0.0021075
0.029896,-0.03964
-0.00088832,-0.063006
0.0055309,0.007255
0.008035,-0.023602
0.010381,-0.06115
-0.0029917,-0.06867
-0.03647,-0.071745
0.043896,0.0069482
0.011496,-0.025853
-0.018055,-0.065356
-0.014286,-0.093875
0.019143,0.051907
0.040179,0.057725
0.039094,0.074327
0.023081,0.098535
-0.017224,-0.0045856
-0.023829,0.03102
-0.02727,0.059863
-0.037282,0.083186
0.013138,-0.0058948
-0.0028456,0.010061
-0.02895,0.02146
-0.051391,0.017679
-0.068327,0.0082807
-0.095635,-0.0038364
0.03996,-0.036419
0.035715,-0.014743
0.026405,0.0031458
0.0094175,0.02006
-0.0235,0.038935
-0.062478,0.036657
0.013638,-0.0083998
-0.0082735,-0.056324
-0.090157,0.030914
0.078548,-0.033922
-0.013272,0.031621
-0.040431,0.042527
-0.064717,0.056116
0.014463,-0.05731
0.01519,-0.053454
0.016661,-0.055942
0.026169,-0.055259
0.036256,-0.049735
0.050356,-0.042504
-0.0065957,0.070122
0.037244,0.087168
-0.02785,-0.035741
-0.070395,-0.0027691
0.0092498,-0.00036132
0.053926,0.006009
0.10352,0.017802
0.092591,0.067468
0.042914,-0.081194
0.070138,-0.10658
0.055803,-0.02224
0.056982,-0.036775
0.060178,-0.071085
-0.038475,-0.017924
-0.031494,-0.059244
0.050235,-0.0074361
-0.0019831,-0.0034044
-0.061682,0.015033
-0.049635,0.052228
-0.0025164,-0.041951
-0.00053539,-0.10387
0.009215,-0.16112
-0.035616,0.054459
0.036712,0.011909
0.047265,-0.016807
0.0056778,0.0015135
0.003846,-0.027318
0.0026142,-0.069447
0.0165,-0.11833
0.077417,-0.0017276
0.11684,-0.007605
0.003425,-0.065093
-0.051077,-0.071132
-0.02171,-0.055251
-0.017659,-0.12444
0.012681,0.056265
-0.01038,0.0083988
-0.044059,-0.036388
0.019861,0.087358
0.08147,0.041501
0.059245,0.011123
0.15662,0.069963
0.030508,0.11875
-0.031738,-0.12565
0.13865,0.061356
-0.0077398,-0.13824
0.050801,-0.097706
-0.064634,-0.086968
-0.13561,-0.14878
0.14547,0.11034
0.12653,0.038753
0.042789,-0.073078
0.081208,-0.16814
0.13412,-0.093399
0.093535,0.072545
-0.10017,0.044027
0.056809,0.02491
0.071202,-0.016882
-0.048858,-0.0020307
0.038585,0.025449
0.017643,-0.0010184
-0.011557,-0.012814
-0.077648,-0.016383
-0.05468,-0.046175
-0.088067,-0.034532
-0.030309,-0.0081133
-0.10689,0.00543
-0.0569,0.021032
-0.16841,0.056395
0.006183,0.16613
0.099134,0.13701
-0.0038126,0.12258
0.094632,0.052249
-0.041011,0.08625
0.028197,0.11704
0.047551,-0.0060346
0.069856,-0.0014783
0.063321,0.0051184
0.041576,0.015702
0.010526,0.0092185
-0.021661,-0.0044019
-0.062472,-0.021024
-0.04306,0.016527
-0.086842,-0.037638
0.0094139,-0.060326
0.0076038,-0.0094854
0.0089336,-0.092182
0.042289,0.016935
0.10924,0.0027778
-0.1379,-0.013005
0.050644,-0.081185
-0.003232,0.016597
0.032407,-0.016299
0.042458,-0.047795
-0.0057097,0.049504
-0.0072816,0.026407
0.0030354,0.017423
0.0089453,0.012127
0.019153,0.021414
0.033198,0.041289
0.034139,0.06495
0.039932,0.082065
-0.082103,-0.00929
0.043922,-0.018383
0.035818,-0.012543
0.037521,0.0075873
0.029686,0.029174
0.02173,0.048239
0.013759,0.062678
-0.00051817,0.091332
-0.026253,0.12161
0.040044,0.01803
0.0037655,0.048344
-0.02421,0.079115
0.007862,-0.021959
0.023696,0.0060065
0.049489,0.043698
-0.038594,0.093162
0.017436,0.030666
0.053083,0.058743
0.020367,0.060183
0.012388,0.075694
0.00054455,0.077152
-0.0071467,0.084379
-0.0079791,0.088239
-0.012052,0.074113
-0.014839,0.03957
-0.015668,-0.0058626
-0.015539,-0.056098
0.04892,-0.049063
0.026126,-0.0039433
0.084902,0.0030932
-0.088486,-0.011135
0.027749,0.014396
0.056822,0.024123
0.08566,0.030568
0.0055799,-0.061032
0.015222,-0.059728
0.015859,-0.063773
-0.0036842,-0.078824
-0.02782,-0.098509
0.060125,-0.030294
0.041933,-0.049027
0.014208,-0.078043
-0.027069,-0.11007
0.0098684,0.037905
-0.0068471,0.06785
-0.033528,-0.0020096
-0.023585,0.0040405
-0.008253,0.011186
0.005312,0.010295
0.012133,0.0056706
0.018116,0.0061486
0.010346,0.0075599
-0.0063645,-0.0045278
-0.02215,-0.024403
-0.020832,-0.03274
-0.0062242,-0.04686
0.014492,-0.062698
0.03605,-0.078611
-0.037717,-0.0032676
-0.028847,0.021992
-0.023127,0.054461
-0.016409,-0.052012
0.0080658,-0.079234
0.022378,0.013252
0.066854,-0.016355
0.11001,-0.040537
-0.017239,0.0059419
-0.0035369,-0.0049839
-0.00070701,-0.008041
-0.013799,0.00096226
-0.026014,-0.0024933
-0.049636,-0.0039436
-0.088237,-0.0078531
-0.04532,0.032308
-0.030378,0.024998
-0.006933,0.023811
0.030453,0.021935
0.061209,0.019428
0.09447,0.011099
-0.038423,-0.016168
-0.04573,-0.059156
-0.0010906,0.069738
0.080098,-0.074343
-0.093746,0.025911
0.057696,-0.043781
0.048373,-0.080535
0.039322,-0.11147
-0.040785,0.0219
-0.061429,0.042569
-0.022413,-0.080093
-0.071116,-0.060142
-0.037713,0.10214
0.021432,-0.017759
0.00096171,-0.024469
-0.017964,-0.039692
-0.028365,-0.048282
-0.046837,-0.053673
-0.059105,-0.070229
-0.015401,-0.055795
-0.028875,-0.056042
0.0098461,0.050597
0.0055105,0.047357
0.01284,0.036523
0.028678,0.019766
0.058649,0.014204
0.093471,0.0042779
0.041703,-0.051466
0.079906,-0.042572
0.11187,-0.047352
0.044839,0.0829
-0.030345,-0.038021
-0.039238,-0.029385
-0.050326,-0.012632
-0.067599,0.0071082
0.010485,-0.046563
-0.0014315,-0.010365
-0.0024604,0.017747
0.00076122,0.048092
0.0071366,0.090157
0.046527,-0.072867
0.095175,-0.095267
-0.025458,-0.051488
0.01309,-0.071433
0.055756,-0.08566
0.039938,-0.026692
0.065406,0.00074915
0.079396,0.027963
0.086348,0.053978
-0.016758,-0.041433
-0.04487,-0.021883
-0.077522,-0.018439
0.028632,-0.012717
-0.022235,-0.0011288
-0.086249,0.011598
-0.053997,-0.017192
-0.14282,-0.029291
-0.051006,-0.020301
-0.13136,-0.017525
0.028766,-0.10597
-0.04407,-0.041842
-0.0063063,-0.094853
-0.037615,-0.020665
-0.011786,-0.073441
-0.0089771,0.014989
-0.041984,-0.027276
-0.068396,-0.067602
-0.028038,0.033904
-0.033686,0.027448
-0.023664,0.033152
0.0024233,0.065117
0.027095,0.11036
-0.026708,0.058935
0.030906,-0.04047
0.092878,-0.0282
0.010241,-0.0081945
0.043809,0.01165
0.060545,0.039761
0.091723,0.070441
0.014676,0.041307
0.0050518,0.088659
-0.00044765,-0.00050153
0.035119,-0.0019794
0.061221,-0.0013612
0.087687,-0.0034149
0.033017,0.035475
0.028875,0.097975
0.097552,0.0071447
-0.028182,0.004292
0.0045986,-0.0046378
0.028009,-0.0093543
0.048131,-0.021343
0.062131,-0.051578
0.036025,0.0069005
0.025217,0.0033652
0.0069671,0.0027527
-0.033441,0.0043098
-0.063458,0.0069246
-0.088996,0.018213
0.039842,-0.036506
0.012688,-0.0086544
-0.03452,-0.0031477
0.0025096,-0.02367
0.017789,-0.082577
0.036902,-0.14393
-0.0071547,-0.089692
0.0075061,-0.13703
-0.063381,-0.044789
0.040878,0.0056602
0.046888,-0.02764
0.051428,-0.056247
0.049328,0.0035657
0.040356,-0.0084658
0.042175,-0.0058506
0.042003,0.016067
0.04014,0.03683
0.041899,0.062608
-0.036193,-0.045812
-0.061526,-0.025307
-0.091545,0.0065933
0.018931,-0.032656
0.061663,0.0028054
0.12197,0.044973
-0.044105,0.10075
-0.0086624,0.10788
-0.048195,0.0047377
-0.0119,-0.02798
-0.02735,-0.018834
-0.042801,-0.0096876
-0.047535,-0.023276
-0.017574,-0.047585
0.027972,-0.076083
0.072858,-0.098276
0.045203,-0.018546
0.097374,-0.012228
-0.020332,0.068854
0.030286,0.061551
0.082525,0.057266
0.003748,-0.03881
0.025282,-0.062913
0.048539,-0.071912
-0.047293,-0.011683
-0.034407,-0.011476
-0.030796,0.0034059
-0.026202,0.017805
-0.004444,0.022514
0.0061171,0.023299
0.0039255,0.031396
0.0020933,0.040953
-0.0043113,0.047521
-0.0053589,0.050834
-0.0035377,0.059828
0.00076283,0.070534
0.01984,0.078999
-0.063621,-0.05531
-0.07572,-0.058634
-0.0068371,0.07487
-0.0042417,0.065307
-0.0089469,0.059573
-0.022042,0.062984
-0.036173,0.07805
-0.059984,0.10915
-0.00043116,0.010128
-0.05466,0.049132
0.012104,0.036311
0.059305,0.0783
-0.072415,0.098711
0.057417,0.033623
0.049588,0.065798
-0.010464,-0.0086978
-0.041806,0.0021729
-0.062178,-0.005686
-0.06978,-0.030799
-0.061108,-0.055672
0.083094,-0.012021
0.074176,-0.048868
-0.011864,0.018117
0.010135,-0.03004
0.040102,-0.085608
0.04102,0.071547
-0.030638,-0.025591
-0.08716,-0.091214
0.12229,0.01753
0.071125,-0.11973
0.042787,-0.030401
0.083046,-0.056107
0.12237,-0.081099
-0.055524,0.053937
-0.083254,-0.02152
0.049734,-0.041016
0.021983,-0.053267
-0.018018,-0.056647
-0.077948,-0.060893
-0.041672,0.035015
-0.10074,0.027495
0.0014879,-0.011962
0.0087495,0.047172
0.019308,0.10883
-0.063374,0.0036539
-0.071867,0.025369
-0.081442,0.041485
0.035371,0.065357
-0.0049999,-0.021063
0.021489,-0.0487
0.047002,-0.08389
0.066344,0.0060587
0.08216,0.061573
0.06669,0.015626
0.057376,0.01477
-0.013641,-0.00029077
0.016738,-0.060193
0.03701,0.0057699
0.072266,-0.022416
0.093444,-0.041247
0.1028,-0.052881
-0.049862,0.0076872
-0.053167,0.019114
-0.062618,0.047353
0.070219,0.014436
0.037033,0.053383
0.0025866,0.068508
-0.01795,-0.033169
-0.040157,-0.0086831
-0.054813,0.018026
-0.066702,0.050538
-0.088163,0.097175
-0.00047102,0.03159
-0.057606,0.074667
-0.093821,-0.030108
-0.018411,0.064395
-0.063988,0.14043
-0.089795,-0.086333
-0.030939,-0.01554
-0.027759,-0.036845
0.0040174,-0.040068
0.050191,-0.041327
0.0001688,0.089781
-0.035526,0.037245
-0.026291,0.088264
0.040869,-0.005691
0.028115,-0.045459
0.024242,-0.092643
0.019581,-0.029184
0.061903,-0.084657
-0.0059593,0.013699
0.032837,0.064095
-0.016761,-0.015996
0.0013799,0.043271
-0.0033754,0.090008
0.0020851,-0.023696
-0.01402,-0.012213
-0.033685,0.0016389
-0.070977,0.0015506
-0.014122,0.046131
-0.051485,0.063108
0.042104,0.056142
0.078825,0.087138
-0.066784,0.036839
-0.052313,0.067644
0.037601,-0.05579
0.067766,-0.047087
0.10732,-0.046256
0.004572,0.024618
0.028322,0.04061
0.037535,0.038308
0.036701,0.024328
0.028605,0.019351
0.012015,0.012751
-0.021924,0.014379
-0.067839,0.002735
0.022625,-0.028532
-0.021684,-0.03896
-0.067157,-0.052247
0.040739,0.00047185
0.028039,-0.023847
0.011147,-0.040123
0.0045633,-0.049985
-0.003939,-0.056167
-0.010285,-0.060997
-0.022194,-0.062757
-0.034977,-0.049947
-0.053973,-0.044351
-0.014515,0.030109
-0.035586,0.0022605
-0.0695,-0.014092
-0.086959,0.080776
0.026258,0.011966
-0.00059613,0.048733
-0.032426,0.090122
0.034573,-0.047998
-0.0029797,-0.075373
-0.042379,-0.089168
0.040487,-0.034311
0.079731,-0.032064
0.030388,0.0059296
0.013737,0.042854
0.0051227,0.077492
0.077212,0.045774
0.093225,0.095886
-0.020232,0.028508
-0.010559,0.063087
0.011939,0.095917
-0.040568,-0.025191
-0.063188,-0.070505
0.031168,-0.03442
0.086969,-0.081158
0.025287,-0.078283
0.021532,0.028791
0.087566,0.0025762
-0.1261,0.0059901
0.022337,-0.094436
-0.029009,-0.029933
0.027138,-0.089494
0.011795,-0.035116
0.037143,-0.097613
0.00078032,-0.031581
-0.011566,-0.056273
-0.011256,-0.066026
0.065351,0.035368
0.032427,-0.054828
0.062926,-0.018847
0.10204,0.0218
0.05801,0.025785
0.058736,0.067984
-0.045004,-0.0013581
-0.06394,0.013938
-0.086591,0.037028
-0.053412,-0.082263
-0.0064934,0.073374
-0.057637,0.094377
-0.021814,-0.030382
-0.090783,-0.035237
0.032539,0.017638
0.036543,0.081724
-0.069944,-0.0066312
-0.071782,0.025233
-0.012211,-0.0065564
-0.067202,0.0037019
-0.1219,0.018498
0.013385,0.029496
-0.0085252,0.031807
-0.018817,0.035713
-0.024443,0.047312
-0.013628,0.062113
-0.0035804,0.079545
-0.0024697,0.088339
0.013024,0.09289
0.02671,0.080703
0.055909,0.071647
0.092518,0.046325
0.033539,-0.079138
-0.038316,0.03965
-0.041903,0.0040534
0.033119,0.016211
0.07547,0.015281
-0.0087604,-0.0084874
0.018747,-0.058783
0.027088,-0.010833
0.068219,-0.0027428
-0.083073,0.031595
-0.10493,-0.00055299
0.0027897,-0.023295
0.028611,-0.039357
0.044085,-0.050113
0.045527,-0.047557
0.028554,-0.046754
0.020127,-0.042801
0.01778,-0.043023
-0.011582,-0.045626
-0.052577,-0.066887
0.025544,0.070418
-0.038478,-0.0072376
-0.056191,0.022036
-0.08552,0.046708
-0.031672,0.0097121
-0.012052,0.00072956
0.017669,0.010897
0.075639,0.022532
-0.011772,-0.061541
0.01631,-0.10398
0.011991,-0.14027
0.058882,0.042744
0.032277,-0.044512
0.076048,-0.040061
-0.031895,-0.042071
0.015922,-0.031675
0.063096,-0.019694
0.059678,0.0062508
0.010444,0.048767
0.044812,0.071663
0.06871,0.08573
0.058432,0.00076866
0.02888,0.008998
0.0011351,0.0040204
-0.030994,0.00034777
-0.061323,-0.0073799
-0.090491,-0.031268
-0.03912,-0.041553
-0.050996,0.011017
-0.059695,0.079215
0.019502,0.038121
0.03106,0.096514
0.0037774,-0.11585
-0.053039,-0.16785
-0.043475,-0.068484
0.031199,-0.012886
0.029178,0.033863
0.030904,0.071432
-0.030625,-0.03555
-0.051373,-0.028411
-0.063713,-0.015333
-0.081656,0.014343
-0.11292,0.063506
-0.041479,0.10335
0.047361,0.089673
0.083902,0.090352
-0.040863,0.03335
-0.015506,0.02876
0.0073032,0.023783
0.032129,0.0088881
0.044521,-0.0284
0.047718,-0.065093
0.01624,-0.067806
0.045955,-0.032698
0.082012,0.012271
0.027002,0.028547
0.070053,0.021259
0.030095,-0.029061
0.050901,-0.032732
0.0039435,0.0061542
-0.011819,-0.002709
-0.032069,-0.0070361
-0.054875,-0.024947
0.048045,0.098228
0.0029005,-0.011533
-0.038252,-0.034247
-0.075152,-0.046892
0.033016,-0.0026787
0.063026,-0.034084
0.087621,-0.058124
0.0025301,0.04797
0.016432,0.039013
0.032332,0.046777
0.051423,0.0624
-0.014014,-0.049433
-0.0076212,-0.024527
-0.0090002,-0.006875
-0.0095362,0.015575
-0.017073,0.048649
-0.0072819,-0.046703
-0.012217,-0.014424
-0.026353,0.016045
-0.052488,0.040546
-0.034793,-0.0062224
-0.038198,0.015323
-0.048612,0.023464
-0.067881,0.0085393
0.01984,-0.030468
0.0015474,0.0047901
-0.025513,0.030153
-0.051319,0.065747
-0.066182,-0.026813
-0.04027,-0.012708
-0.059163,-0.072065
-0.058127,-0.036814
-0.059327,0.033789
0.032747,-0.020844
-0.027977,-0.041423
-0.059238,-0.078107
0.044538,-0.0030889
0.030297,0.011465
0.027425,0.016205
0.02314,0.013728
0.031755,0.027254
0.040875,0.029307
0.049704,0.018029
0.075243,0.0098806
-0.095478,-0.040682
-0.097812,0.0038796
0.034019,0.058107
3.2967e-05,-0.013535
0.041775,-0.045763
0.094465,-0.095413
0.011454,0.039689
0.0024342,0.10133
0.080189,0.0034829
-0.053135,0.12718
0.023285,-0.088513
0.00085461,0.025082
0.021001,-0.0067668
0.034926,-0.032831
0.067679,-0.053991
0.046241,-0.017902
0.045929,-0.032942
0.030183,-0.040165
-0.0080508,-0.038474
-0.050751,-0.037355
-0.10298,-0.034414
-0.0085754,0.020678
0.019565,-0.038347
0.025831,-0.091078
-0.024179,-0.063422
0.037055,-0.079121
-0.047783,-0.039451
-0.05027,-0.1052
0.017582,-0.022995
-0.00066837,-0.058045
-0.012241,-0.076632
-0.086809,0.038115
0.010137,-0.025368
0.0069451,0.015584
0.012691,0.052818
-0.0026388,-0.041572
0.023197,-0.023657
0.078125,-0.026284
0.043128,-0.031256
0.10899,-0.037259
-0.0014215,0.092678
0.01968,0.14105
-0.072656,0.049043
0.027059,-0.0063416
0.037579,0.024143
0.046587,0.046452
0.050781,0.070825
-0.011833,-0.024425
-0.00064419,-0.0095594
0.0080662,-0.010353
0.023677,-0.038179
-0.015533,0.00075786
-0.019509,-0.043949
-0.02375,-0.09653
0.03909,-0.11928
-0.019456,-0.06543
-0.015603,-0.10994
0.021793,-0.022629
-0.015388,-0.049204
-0.055484,-0.06328
0.067268,-0.0059322
-0.070695,0.011744
-0.01122,-0.0033615
-0.056903,-0.012758
-0.096836,-0.014548
0.06207,-0.0069306
0.080695,0.024707
0.088419,0.037867
-0.040154,-0.0087802
-0.021612,-0.025033
-0.0077679,-0.026124
0.014731,-0.014556
0.0488,-0.0081418
0.078993,-0.017278
0.024855,-0.0093086
0.01937,0.010498
0.028315,0.024131
0.039161,0.031875
-0.028168,-0.036785
0.011915,-0.03697
0.044642,-0.030991
0.087707,-0.034477
-0.029924,-0.031381
0.00020896,-0.063718
0.013772,-0.085091
0.035752,-0.047939
0.014665,-0.016429
-0.015589,-0.045228
-0.044115,-0.066994
0.037879,0.010523
0.054208,-0.010441
0.082967,-0.011189
0.13293,0.002352
0.061397,0.0021947
0.07843,0.039204
-0.0012051,-0.037209
0.019536,-0.034767
0.048062,-0.03586
0.067321,-0.027705
-0.012847,-0.042444
-0.0084197,-0.019354
0.0022689,-0.0061576
0.020103,-0.0024483
0.035663,0.003268
0.050804,0.0063632
0.071066,0.0070005
0.08632,0.018049
0.049315,0.055958
0.053103,0.038854
0.053558,0.026116
0.064805,0.016509
0.064559,0.0048884
0.060829,0.0029696
0.049992,0.0029509
0.043689,0.013165
0.035382,0.022395
0.030973,0.043471
0.013577,0.073864
0.027787,-0.018977
-0.00026443,-0.020932
-0.016755,-0.020351
-0.033836,-0.012727
0.042523,0.020098
0.019569,0.0092385
0.0096126,-0.0099836
-0.004537,-0.031127
-0.025347,-0.061479
0.052397,-0.0054301
0.041256,-0.043261
0.038908,-0.077398
-0.059119,0.020715
-0.070507,-0.0096041
-0.076143,-0.025033
0.026221,-0.076406
0.017015,-0.09165
0.032089,-0.062583
0.010937,-0.057663
-0.0022546,-0.071549
-0.011062,-0.097495
-0.043059,0.025328
-0.009651,0.032742
0.017428,0.046076
0.040922,0.063488
0.060036,0.087308
-0.031399,0.02806
-0.029726,0.066015
0.024016,-0.034153
-0.0063396,-0.011056
-0.040749,0.00082904
-0.081607,0.025016
-0.051451,-0.0393
-0.024335,0.043609
-0.057236,0.047016
-0.06421,0.12429
0.033531,0.099116
-0.10734,-0.034925
-0.014628,-0.06044
-0.023547,-0.1094
-0.048518,-0.0060288
-0.082931,0.0068313
0.034071,0.068083
0.010172,0.062539
-0.024361,0.062211
-0.046097,0.070824
-0.043501,0.047226
-0.063455,0.060065
-0.076902,0.07405
0.017223,-0.027764
0.033986,-0.018716
0.049638,0.0051441
0.065344,0.074189
0.11209,0.064965
0.017639,0.0075441
0.068423,-0.00057088
0.1212,-0.015304
0.0066654,0.059249
0.019039,0.13803
0.07363,0.097392
-0.01276,0.079848
0.0088621,0.014431
0.043589,-0.030637
-0.051456,-0.013377
-0.073841,-0.052527
0.027711,0.02101
0.073075,0.0052448
0.054706,-0.026595
0.026547,-0.064305
-0.0041943,-0.11092
0.020015,-0.01804
-0.0083755,-0.073542
-0.093394,0.024528
-0.0036187,-0.10321
0.055396,-0.032431
0.072065,0.017203
0.13669,-0.0046488
0.031072,-0.031982
0.012187,-0.05558
-0.017854,-0.058945
-0.041393,-0.057573
0.049669,-0.039115
0.05833,-0.016254
0.074949,0.0040593
0.10362,0.012713
0.041804,0.054328
0.031042,-0.058071
-0.0021454,-0.041367
-0.044301,-0.023785
0.00372,0.032031
-0.037527,0.048447
-0.014461,0.032606
-0.020441,0.049555
-0.029358,0.068355
-0.040358,-0.037786
-0.082834,-0.016901
-0.032594,-0.034631
-0.045888,-0.082226
0.00057165,0.038437
-0.044926,0.020418
0.035089,-0.0099966
0.0080862,-0.052813
-0.074281,0.018718
-0.10438,0.022882
-0.016009,0.025537
-0.039112,0.031531
-0.047768,0.038944
-0.060383,0.024843
-0.072556,0.0167
-0.083468,0.013556
-0.081117,0.0087631
-0.075958,-0.0065484
-0.068358,-0.030765
-0.064251,-0.042598
-0.056639,-0.04614
-0.048248,-0.038092
-0.036312,-0.030731
-0.013542,-0.019072
0.0099509,0.0099858
0.051133,0.029097
-0.017036,0.03212
0.00051396,0.015009
0.023169,0.04678
0.043506,0.065312
6.147e-06,0.027056
0.026411,0.0063508
0.065511,-0.027934
0.10682,-0.051155
0.0068558,0.064148
0.058831,0.086036
0.011178,-0.022904
0.038671,0.00074491
0.055943,0.036319
0.064873,0.068444
-0.0058694,0.052499
0.026118,0.070982
0.057719,0.085202
0.074096,0.056817
-0.028627,-0.017507
-0.027509,-0.0091243
-0.035033,0.01115
-0.056711,0.037934
0.014893,-0.11929
-0.012045,0.018781
-0.074352,-0.0104
0.018061,0.023507
0.016404,0.082165
0.015003,0.016082
-0.002519,0.062485
0.017663,0.0084204
0.010559,-0.048316
0.0031988,0.054379
-0.044924,0.075919
-0.069869,0.037848
-0.068526,0.023647
-0.073528,0.018118
-0.088466,0.016876
-0.11753,0.029174
0.015407,-0.037749
-0.003266,-0.0049118
-0.0049388,0.029402
-0.011954,0.059713
0.0010965,-0.010432
0.032176,-0.034651
-0.0024369,0.0061506
0.030343,0.015562
0.056929,0.02673
-0.030136,0.034628
-0.015596,0.0099659
-0.012448,-0.041138
-0.022038,-0.085598
-0.0055355,0.015246
0.060739,0.0071045
0.11821,0.0073504
0.080089,0.0082031
0.065532,0.02314
0.085107,-0.008817
0.092547,-0.028993
-0.059418,0.0052709
-0.062322,0.022534
-0.073839,0.041628
0.03698,-0.035179
-0.010424,-0.031932
-0.069607,-0.039207
-0.013886,0.0085899
-0.080723,-0.032804
-0.06926,-0.020833
-0.050542,0.0096226
-0.085941,0.1032
0.0089819,0.078304
-0.027722,0.13988
-0.0069681,-0.056411
-0.028216,-0.077421
-0.015742,-0.053665
-0.04481,-0.053028
-0.086735,-0.069067
-0.0022115,-0.033952
-0.052535,-0.060608
0.013563,-0.034563
-0.040174,-0.017561
-0.067083,-0.042153
-0.080237,-0.047004
-0.072917,-0.037842
-0.047908,-0.023177
-0.022957,-0.0082066
0.0060871,0.0034576
0.030744,0.018946
0.026798,0.039382
0.020753,0.073189
-0.020699,-0.018543
0.030136,-0.019394
0.077682,-0.02496
0.025787,0.037061
-0.0028106,0.071815
-0.022782,0.10741
-0.0029628,-0.048988
0.011893,-0.065518
0.031036,-0.085261
-0.009571,0.076972
-0.020048,0.092833
0.038414,-0.042928
0.024751,-0.016421
0.012699,0.0054374
-0.0029045,0.024971
-0.028622,0.040556
-0.048002,0.022198
-0.029788,-0.024657
-0.0059891,-0.069971
-0.0065569,0.051024
-0.041867,0.037255
-0.071388,0.030255
-0.0076261,0.028977
0.01137,0.0089926
0.034101,-0.022189
-0.017848,-0.027389
-0.01898,-0.059799
-0.0058069,-0.10162
-0.030716,-0.0037057
-0.03903,-0.047951
-0.068411,-0.098868
-0.011241,-0.062774
0.013829,-0.094295
0.0015885,0.0060449
-0.018032,0.0017403
-0.028034,0.015892
-0.027862,0.025484
-0.028072,0.029299
-0.017849,0.027772
0.0056983,0.026737
0.030299,0.038243
0.052121,0.059277
-0.0075431,-0.012537
-0.02746,0.019523
-0.049768,0.051725
-0.072137,0.08837
-0.0706,0.001581
-0.10311,0.037783
0.078766,0.032987
-0.041393,-0.063026
-0.068647,-0.070339
-0.011602,-0.034616
-0.018761,-0.02588
-0.017147,-0.01428
-0.0072919,-0.0037217
0.0082729,0.015882
0.043409,0.04235
0.070719,0.055988
-0.0068191,-0.017702
0.011452,0.0080575
0.041298,0.026602
0.072453,0.039583
-0.035528,0.0044871
-0.054032,-0.016927
-0.080961,-0.032897
0.02219,0.005343
0.047109,-0.0072533
0.071214,-0.015494
0.093689,-0.042063
-0.0068298,0.06529
-0.011327,0.036957
-0.036945,0.00064516
-0.075463,-0.042585
-0.04046,-0.073718
0.009759,0.050293
-0.012924,0.09807
-0.10296,-0.056566
-0.14229,-0.061356
-0.02694,-0.078777
-0.047416,0.044727
-0.066511,0.045293
-0.028532,-0.040524
-0.018445,-0.018399
-0.0025727,0.0072301
0.00018755,0.046077
0.018618,0.091495
0.037672,-0.011881
0.092121,-0.03639
-0.021338,-0.041002
-0.053077,0.0079215
0.057334,0.0027938
-0.017364,0.070911
0.031806,0.092733
0.034669,0.037739
0.10712,0.036272
0.11049,-0.077292
0.035921,-0.068832
0.070598,-0.10673
0.029164,-0.01373
0.036371,-0.05341
0.02485,-0.091808
0.024107,-0.016276
0.036656,-0.061113
0.049669,-0.11374
0.017789,-0.045251
0.0073809,-0.10132
-0.082912,-0.050961
-0.048278,-0.032028
0.030933,-0.0013105
0.051977,-0.083308
0.080376,-0.08397
-0.087388,-0.029983
-0.064859,-0.058322
0.054226,-0.023137
0.11768,-0.061156
-0.081216,-0.05623
0.012252,0.0066668
0.035376,-0.067112
0.029628,-0.037122
0.066323,-0.10005
-0.0022298,-0.022204
-0.03183,-0.091041
-0.00033535,-0.041963
-0.031382,-0.091719
0.034804,-0.037899
-0.015815,-0.070895
-0.08556,-0.073869
-0.070489,0.055444
-0.045045,0.041568
-0.063828,0.11736
0.0022837,0.061022
-0.049549,0.030684
-0.03283,-0.017507
-0.13088,0.018437
-0.035375,0.080768
0.056361,0.019413
0.12308,-0.037806
-0.048664,0.011209
0.059268,0.026948
0.034706,0.09578
0.060425,0.04846
0.10531,0.036179
0.01712,-0.050735
0.044298,-0.12467
-0.023843,-0.062495
-0.0074934,-0.043091
0.019299,-0.090437
0.0071468,-0.0033347
-0.001162,-0.036139
-0.016766,-0.066262
-0.045654,-0.077924
-0.078759,-0.088943
-0.039815,-0.052513
-0.013541,-0.078814
0.020086,-0.11905
0.045848,-0.039255
-0.011347,-0.035182
-0.044656,-0.1045
-0.020423,-0.12617
0.062354,-0.092539
-0.082322,-0.014098
-0.029869,-0.058767
0.021231,0.047609
-0.0085438,0.080298
-0.05661,-0.093645
0.020273,-0.028925
0.0095384,-0.028906
0.0069869,-0.026174
0.0059476,-0.029964
0.020801,-0.039392
0.045727,-0.051151
0.078031,-0.070679
0.011037,-0.01556
0.053718,0.03717
-0.0087407,0.10415
0.033928,0.0058787
0.07992,0.00025287
0.011001,0.027522
-0.0083543,0.06563
0.0071998,0.09245
0.045157,0.11176
0.030639,-0.041198
0.005498,-0.07951
-0.048683,0.030982
-0.027282,-0.020331
-0.015822,-0.057056
-0.003066,-0.10013
0.12996,-0.035791
-0.035621,-0.090638
0.027511,-0.0085267
-0.0063203,-0.053801
-0.036845,-0.10356
-0.022925,-0.031954
-0.030834,0.010543
-0.046828,0.058316
0.036242,-0.01312
0.055161,0.0015498
0.063528,0.00079333
0.080423,-0.010833
-0.061409,-0.030861
-0.042716,-0.0085045
-0.004566,0.030092
-0.0037746,0.035948
-0.0035215,0.086279
-0.010817,-0.0072018
0.032427,-0.0071394
0.069472,0.0091081
0.017416,0.0056545
0.018185,0.04369
0.023635,0.071167
0.032524,0.10785
0.07645,-0.02248
-0.060614,-0.084925
0.062548,-0.083944
0.014108,0.095166
-0.018395,-0.0070802
0.012637,0.052885
0.03643,0.02853
0.079267,-0.021966
0.1177,-0.070938
-0.056265,-0.1188
0.024825,-0.039732
-0.00962,-0.076523
0.019881,-0.015033
-0.016437,-0.078751
0.071514,-0.0080603
0.14258,-0.081854
-0.14682,-0.021962
-0.037177,-0.097123
-0.052247,-0.1645
-0.09374,-0.061646
-0.041905,-0.015139
-0.10884,0.0088782
-0.0016117,0.05921
-0.045723,-0.0038334
-0.045428,0.05358
-0.0041307,-0.00054195
-0.052084,0.013198
-0.0089949,0.067084
-0.0058208,-0.041658
-0.071738,-0.029543
0.032682,0.046499
0.0059901,0.099688
0.01564,0.0060613
0.06566,0.062746
0.0086678,0.0023765
0.071395,-0.02635
0.052844,0.034274
-0.044425,0.044686
0.03221,0.048424
0.078361,0.034308
0.12278,0.0092609
-0.023645,0.017154
-0.001264,0.053189
0.010853,0.074067
0.0019004,-0.020698
0.039143,-0.027209
0.057581,-0.052756
-0.021532,0.006408
-0.062524,-0.013718
0.016905,-0.030812
-0.024509,-0.0088129
-0.060298,0.0097722
0.017519,0.027081
0.066539,-0.011498
0.12842,-0.065124
-0.075283,-0.11738
0.038299,-0.098132
-0.0053549,-0.090469
-0.039587,-0.00062508
-0.017523,-0.024739
0.0045193,-0.04668
0.031967,-0.063425
0.061484,0.013009
0.070939,0.0094588
0.083788,0.014214
0.098284,0.02685
0.061845,-0.010364
0.072536,0.0095251
-0.027725,-0.061993
-0.043607,-0.036695
-0.060712,-0.0035219
-0.076576,0.024452
-0.018814,-0.1011
-0.035093,-0.096129
0.0094017,0.048855
-0.011735,0.064052
-0.039674,0.083302
0.031219,-0.027764
-0.0014153,-0.007709
-0.033546,0.012592
-0.075505,0.027517
-0.030093,0.053065
-0.01327,0.064735
0.024513,0.035419
0.01965,0.033787
0.019998,0.032554
0.022089,0.030728
0.039366,0.030149
0.077458,0.023899
-0.070279,0.024208
-0.11039,0.020731
-0.019108,-0.065071
-0.017067,-0.097156
0.040331,-0.010443
0.013891,-0.027828
-0.0093831,-0.044375
-0.022752,-0.066871
0.033111,-0.015107
0.0211,-0.010143
0.005246,-0.01578
-0.01842,-0.024147
-0.048136,-0.031435
-0.078089,-0.046586
0.040081,-0.029862
0.034774,-0.0336
0.030829,-0.030139
0.026356,-0.027531
0.035093,-0.014673
0.059526,0.0027762
-0.028199,-0.0915
0.0012869,-0.02826
0.058048,-0.019682
0.098948,-0.0038649
-0.0016342,0.030946
0.0083262,0.078127
-0.0079106,-0.0097602
-0.0018246,-0.0044573
0.0043266,0.002402
0.021456,-0.0043445
0.038684,-0.017803
0.0682,-0.037899
-0.035572,0.044425
-0.0062573,0.030425
0.013577,0.021333
0.031247,0.022135
0.038424,0.029582
0.043608,0.028213
0.044889,0.010697
0.03775,-0.0072509
0.015255,-0.017039
0.0081114,-0.025062
-0.0074851,-0.033244
-0.023589,-0.028359
-0.036525,-0.012099
-0.064995,0.010679
-0.088115,0.051653
-0.13253,0.10338
-0.053341,0.020016
-0.10008,0.054312
-0.04529,-0.016734
-0.039456,-0.041728
-0.028376,-0.067995
-0.082123,0.015552
-0.098718,-0.015906
0.023625,-0.045734
-0.11386,-0.076471
0.04085,0.034393
0.017107,0.033231
-0.0055181,0.042328
-0.0063679,0.022647
-0.00031859,0.0062851
0.011804,-0.014311
0.043254,-0.028284
0.052555,0.0047928
0.070697,-0.040335
-0.023018,-0.089166
-0.057142,0.054857
-0.051756,0.10175
-0.01699,0.004473
-0.042851,0.031457
-0.062979,0.064016
-0.088991,0.10448
-0.027505,0.011413
-0.064885,0.04391
-0.017163,0.039832
-0.00045687,0.072097
-0.0038996,0.038331
-0.028465,0.030343
-0.046038,0.020728
-0.060511,0.013874
-0.065084,0.010487
0.045611,-0.0061227
0.047091,0.0025589
0.053946,0.015338
0.052206,0.017512
0.038064,-0.0042893
0.013575,-0.041386
-0.0028818,-0.070397
0.0085148,-0.078675
-0.0075139,0.020953
-0.039671,0.0014491
-0.064204,-0.017033
-0.09193,-0.0375
-0.036246,0.0085129
-0.028356,-0.0078341
-0.028143,-0.036785
-0.019541,-0.058488
0.065848,-0.031734
0.011902,-0.067666
0.018755,-0.064311
0.018045,-0.057389
0.0074655,-0.043929
-0.0026749,-0.044297
-0.013359,-0.049955
-0.018341,-0.068962
0.044331,-0.024575
0.029967,-0.052404
0.016449,-0.082203
0.015737,-0.10764
-0.035679,0.062521
-0.030774,0.083324
0.019349,-0.025891
0.016994,-0.0075547
0.01642,0.012153
0.01189,0.032084
0.015038,0.048173
0.020461,0.062393
0.036995,0.0984
-0.04158,0.010046
-0.050805,0.049513
0.036154,-0.012123
0.038428,0.019927
0.046346,0.042012
0.059994,0.056842
0.071524,0.062182
0.0065001,-0.033902
0.015162,-0.019722
0.017907,-0.012862
0.012377,0.0064569
-0.0032467,0.036071
-0.011825,0.052713
-0.016943,0.059327
-0.022027,0.054667
-0.032015,0.030319
-0.054372,-0.00084757
-0.091175,-0.032562
0.02028,0.023493
0.022086,0.078787
0.016229,0.01313
-0.0058156,0.057205
0.015283,-0.0015
-0.029757,-0.059715
-0.079036,-0.045666
-0.0090474,-0.014219
-0.037183,-0.037806
-0.071724,-0.060282
-0.05007,-0.098518
0.0032761,-0.036815
-0.014592,-0.016468
-0.028712,0.0091678
-0.044419,0.0391
-0.039864,0.077248
0.03237,0.055925
0.055411,0.11612
-0.065217,0.037156
-0.068414,0.085673
-0.044974,-0.036356
0.039646,0.030023
0.061999,-0.011931
-0.027331,-0.0099061
-0.048467,-0.032429
-0.016499,0.022341
0.0098996,-0.028597
0.023257,-0.10002
0.1092,-0.052082
-0.047626,0.021708
0.035089,0.0096562
0.097918,-0.030043
-0.0067269,-0.073864
0.039227,0.022986
0.025144,0.0076926
0.0075577,0.015286
-0.017391,0.029044
-0.052384,0.049763
-0.019081,0.031978
-0.045724,0.03901
-0.06606,0.068994
-0.013124,0.096364
0.022048,0.020306
0.0051388,0.032539
-0.00089309,0.038171
0.00084248,0.041473
-0.053365,-0.01583
-0.045906,-0.01326
-0.050587,-0.022064
-0.061379,-0.033927
0.024599,0.020357
0.054645,0.0087492
0.10025,0.010721
-0.024932,0.0064793
-0.015565,-0.054692
-0.0020772,-0.12066
0.053693,-0.039769
0.10763,-0.024256
-0.030451,-0.021609
0.019519,-0.0146
0.083951,-0.012341
0.022151,-0.013167
-0.017178,-0.062786
-0.038013,-0.11715
-0.0060073,-0.073796
-0.008079,-0.10339
-0.018,-0.11561
-0.068877,-0.0124
-0.075202,-0.043853
-0.0033833,0.062758
-0.053667,0.020865
-0.11995,-0.028322
-0.14842,-0.038446
-0.080832,-0.051317
-0.076043,0.049144
0.024917,0.013461
0.055094,0.11806
-0.074043,0.090172
0.062651,0.040556
0.13145,0.064144
0.032421,0.045579
0.052133,0.059183
0.058865,0.046121
0.065323,0.013117
0.061664,-0.033281
0.053989,-0.093747
0.075074,-0.027033
-0.0067915,-0.014079
0.042426,-0.059655
0.041509,0.036768
0.099835,0.080768
-0.011331,-0.087893
-0.059959,-0.034379
0.10144,0.027643
0.074056,0.022267
0.14942,0.031385
0.090557,-0.066328
0.027493,-0.063633
0.088154,-0.10788
0.068566,0.057811
-0.033844,0.033535
-0.069603,0.012665
-0.1063,-0.0023585
-0.041448,0.0029716
-0.052231,-0.0094058
-0.070593,-0.023371
0.060367,0.010405
0.028507,-0.047963
-0.046185,0.012989
-0.036233,-0.049867
-0.080833,-0.0681
-0.038414,-0.078983
-0.060495,0.033574
-0.1866,0.061541
0.10477,0.13863
-0.15032,-0.020747
0.17616,0.058922
0.10636,0.08366
-0.046702,0.018872
-0.11136,0.052401
-0.083562,0.068779
-0.0052595,0.032254
-0.039999,0.081049
0.022177,-0.087831
-0.083455,0.0075102
-0.12988,0.043617
0.001864,0.069991
0.12015,-0.015541
-0.051058,0.025256
0.079802,0.079561
0.051326,0.020621
0.060978,0.091276
-0.0033788,0.070622
-0.087994,0.10323
-0.10507,0.029775
0.075407,0.066775
0.058892,0.11162
0.061228,0.10994
-0.025429,0.059262
-0.032433,0.1152
-0.092863,0.065782
-0.0054169,0.11293
0.0047581,0.074152
-0.023893,0.085217
-0.052056,0.094705
-0.10073,-0.0053538
-0.13015,-0.0082289
0.022693,-0.016835
0.0276,-0.061073
0.020441,-0.0034985
0.026246,-0.017151
0.032627,-0.024961
-0.065311,0.0069516
-0.055786,0.046977
-0.054509,0.038695
-0.019367,0.057979
0.033953,0.083585
-0.012049,0.026344
0.057766,0.07846
0.043502,-0.040385
0.03064,-0.03276
-0.013898,-0.096025
0.097365,-0.05192
0.0064338,0.034558
0.087027,0.016908
-0.062193,-0.068024
0.041489,-0.0032324
0.10461,-0.020061
-0.040645,-0.016713
-0.034318,-0.059145
-0.025612,-0.079639
-0.017401,-0.049086
-0.006765,-0.063108
-0.008346,-0.08517
-0.020787,-0.1053
-0.078447,-0.037934
-0.064997,-0.0003942
-0.056739,0.055318
-0.055345,0.12572
-0.060956,-0.066452
0.055542,0.02377
0.084671,0.096386
-0.016771,-0.0035127
-0.085331,-0.021365
-0.036784,0.068047
-0.046906,-0.0046812
-0.062969,0.041047
-0.090046,0.081777
0.012221,-0.070674
-0.014463,-0.10853
-0.076369,0.00055099
-0.025227,0.028614
-0.024957,0.060927
-0.0010043,0.019819
-0.022809,0.036775
-0.035286,0.066503
-0.012736,-0.0080538
0.0091208,0.04261
0.041502,0.10104
0.058503,-0.012583
0.11574,-0.0664
0.071057,-0.11207
0.13389,-0.036094
0.062456,0.08972
-0.0078773,0.009955
-0.0046083,-0.033438
-0.010758,-0.070694
-0.023261,-0.088499
0.021639,-0.026542
-0.0067937,0.0057694
-0.037964,0.042864
-0.06456,0.081507
-0.022549,-0.02045
-0.053236,-0.033301
-0.085215,-0.047869
0.0092403,-0.033156
0.02438,-0.01299
0.036919,-0.006105
-0.010472,-0.00060997
-0.022189,-0.00081485
0.011301,-0.0028272
0.0074768,-0.0075402
0.012873,-0.0041926
0.022775,0.0014108
0.046523,0.01393
0.0093457,0.042214
0.017267,0.048572
0.032918,0.052188
0.047254,0.044369
0.059178,0.012657
0.072999,-0.03082
0.090143,-0.082377
0.024612,0.030484
0.066778,0.02781
-0.034074,-0.0068374
-0.026427,-0.033395
-0.02548,-0.05775
-0.033721,-0.06889
-0.042425,-0.060291
-0.036506,-0.039572
-0.022256,-0.014196
-0.0063902,0.017349
0.018438,0.059485
0.043652,0.095243
0.028593,0.0045229
0.0027853,0.00031183
-0.027848,-0.017355
-0.069614,-0.05789
0.032589,0.06965
-0.060749,0.028362
0.019228,0.052365
-0.0016176,0.068504
0.0064318,0.025254
-0.0026425,0.010363
0.0080568,0.0080961
0.025549,0.010796
0.048255,0.010627
0.066685,0.0058231
-0.070143,0.018677
-0.068745,0.0055341
-0.055978,-0.002522
-0.040249,-0.019955
-0.025126,-0.036325
-0.0048415,-0.050287
-0.011591,0.019811
0.0072844,-0.0080463
0.045999,-0.033813
0.058582,-0.049043
0.10825,-0.078919
0.0056433,0.098594
0.070351,0.044107
-0.0087322,0.054121
0.034808,0.079647
-0.021077,-0.06815
0.0097862,-0.046998
0.034834,-0.024846
0.054677,-0.00096933
0.014837,0.0069745
-0.030161,0.001018
-0.079308,-0.0036885
-0.12696,-0.014396
0.031911,0.038072
0.014491,0.058057
-0.011549,0.058257
-0.058194,0.058782
0.019815,-0.011078
0.023784,-0.045267
0.013477,0.033127
-0.026735,0.018176
-0.070546,0.0047801
0.044821,-0.03404
-0.013913,0.0053615
-0.052835,-0.024651
-0.10091,-0.05643
0.051993,-0.082962
0.037171,0.0073186
0.08769,-0.028904
0.008828,-0.013813
-0.0068713,-0.055151
0.018959,0.027282
-0.018409,0.020315
-0.068847,0.029913
-0.0011511,0.022758
0.0077932,0.057384
0.034229,0.078079
-0.013452,0.0012865
0.014415,0.041449
0.044432,0.098042
0.038867,0.04203
0.010268,0.03043
0.027018,0.00068975
0.11268,-0.017832
0.1445,0.011025
-0.02484,0.061401
-0.0079586,0.11814
-0.0096169,-0.033831
0.025357,-0.059818
0.04201,-0.015826
0.054927,-0.030367
0.06785,-0.01641
0.077867,0.013128
0.012935,0.0028836
-0.025637,0.046892
-0.063689,0.084417
0.037854,-0.064224
-0.087152,-0.02156
-0.015379,-0.051676
-0.04718,-0.040208
0.017112,0.03808
-0.018452,0.028012
-0.003095,0.015128
-0.04002,0.0018569
-0.075909,-0.017909
-0.098061,-0.029121
-0.013194,-0.068514
0.013305,-0.082543
-0.026047,0.048379
-0.0083763,0.057508
-0.011101,0.070144
-0.01169,0.089548
0.063571,-0.021213
0.066588,-0.0066329
0.075985,0.0048739
0.079294,0.01718
0.06765,0.019531
0.055738,0.02303
0.025278,0.021373
-0.014006,0.0051928
-0.043832,-0.0087289
-0.058666,0.00075381
-0.070294,0.050236
-0.016136,-0.041471
-0.0089735,-0.070523
-0.00058769,-0.098124
0.0024589,-0.12107
-0.028607,-0.09915
0.020275,0.049741
-0.0087421,0.099538
-0.024042,0.11942
0.029995,-0.082553
-0.035143,-0.041628
-0.052891,0.012724
0.045269,-0.0238
0.11498,-0.015979
0.10312,0.0046827
0.16177,-0.024029
0.03638,0.044258
0.065816,0.055924
-0.030409,0.023791
-0.020064,0.009589
-0.015699,0.0064731
-0.021719,0.00095597
-0.023271,-0.015267
-0.025822,-0.033049
-0.033925,-0.046233
-0.045975,-0.052748
0.034704,0.00019546
0.027011,0.0069956
0.021873,0.0097838
0.01219,0.01137
0.013564,0.0086914
0.012837,0.014827
-0.0062525,0.037462
-0.032406,0.067185
-0.015791,0.0039062
-0.070943,-0.025529
-0.12594,-0.066575
-0.052597,0.023792
-0.090166,0.075537
-0.0096984,-0.098566
-0.023974,-0.17177
-0.11793,-0.023425
-0.021636,-0.060008
-0.013515,0.024412
-0.044323,0.025308
0.010616,-0.013968
0.02108,-0.015812
0.039678,-0.021335
-0.035176,-0.0325
-0.0058181,-0.014781
0.0065293,-0.049652
0.0054286,-0.028733
0.049822,-0.020054
0.099445,0.00051155
-0.044809,-0.054734
-0.0021358,-0.091414
0.042493,0.045545
-0.042046,-0.038554
-0.0024958,0.025016
0.024663,0.085983
-0.021068,0.05186
0.015095,0.098104
-0.024127,-0.039595
-0.029611,-0.084919
0.030996,-0.079518
0.055999,-0.070228
0.067079,-0.058366
0.048005,-0.03452
0.022296,-0.0049609
-0.0021691,0.034362
-0.036734,0.079883
0.041136,-0.0090907
0.07457,0.038652
-0.026825,0.048967
-0.011968,0.10944
-0.019498,0.021893
0.00094503,0.090421
-0.035353,0.048597
-0.019334,0.029435
-0.036025,0.087011
-0.023852,0.092125
-0.082532,0.11493
-0.053168,-0.049686
-0.079703,-0.10919
-0.0016397,-0.059683
0.038785,-0.021755
0.034493,-0.069499
0.035625,-0.10064
0.032438,-0.023279
0.03206,-0.041867
0.039975,-0.070169
-0.048322,0.0052013
-0.033006,0.034284
-0.016373,0.072734
-0.00066198,-0.032933
0.044026,-0.077457
0.089824,0.015173
0.027378,-0.04455
0.081656,-0.078754
0.035159,0.036569
0.021913,0.03112
0.057862,0.020127
0.088392,0.006398
0.042955,0.039741
0.059582,0.029107
0.063449,0.024942
0.062294,0.018252
0.061773,0.014027
0.062025,0.0165
0.065111,0.018018
0.061657,0.026699
0.051312,0.045017
0.040692,0.071941
-0.040978,0.009917
-0.043712,0.042807
-0.056658,0.072264
-0.025501,0.051007
-0.059401,0.028523
-0.085407,0.0057945
-0.10302,-0.036096
0.019634,-0.070578
0.078683,-0.073116
-0.03855,0.02078
-0.067378,-0.013328
-0.079152,-0.031413
0.0621,-0.011437
0.042057,-0.007949
0.058395,-0.0080916
0.08085,0.00091626
-0.026337,-0.021349
-0.065765,0.011108
0.073206,0.0014553
-0.00011726,0.034398
-0.0045316,0.058395
0.01021,0.015685
0.0077784,0.068502
-0.011704,0.12027
-0.069916,-0.012666
-0.095924,-0.028448
0.097852,0.041876
0.061211,0.041725
-0.024719,0.017006
-0.0022455,0.020958
0.0044634,0.015367
0.0030234,0.0092855
-0.010299,0.016552
-0.033271,0.0021112
-0.064787,-0.019439
-0.040443,-0.0089185
-0.0027542,-0.02796
0.054018,-0.034349
0.11267,-0.026178
0.031533,-0.087768
0.032952,-0.084218
0.086693,-0.088435
-0.073907,0.029534
-0.11872,-0.00096575
-0.00013643,-0.034124
-0.024413,-0.064922
-0.0071125,0.026909
-0.0077281,0.0076933
0.010219,-0.011643
0.048088,-0.014876
0.0077087,-0.04391
0.06431,-0.060877
0.048664,0.10093
0.044983,0.096867
-0.038321,0.082466
0.072773,-0.011958
0.12354,-0.065012
0.0057325,0.0032356
0.055485,0.013876
-0.013469,0.0040961
0.0007446,0.050843
0.014665,0.088683
-0.036829,-0.038586
-0.032415,-0.012612
-0.038922,0.0195
-0.044743,0.053248
0.057723,0.00083808
0.037289,-0.0031918
0.013258,0.0019175
-0.019554,0.01064
-0.052199,0.015578
-0.034446,0.012804
-0.048644,0.040351
0.036679,0.031884
0.011155,0.022551
-0.023628,0.0080691
-0.064794,0.0041045
-0.11037,0.0042016
0.044996,0.0091673
0.016388,-0.021612
-0.0076756,-0.06051
0.018204,0.024849
0.070692,0.011649
-0.078437,0.008247
0.0014347,0.0015248
0.069653,-0.015138
0.032319,-0.047428
0.043378,-0.091547
0.059622,0.02712
0.10205,0.01978
-0.033474,0.02226
-0.05624,0.0055375
-0.026236,-0.044623
-0.042415,-0.047868
-0.053578,-0.065552
-0.057317,0.039357
-0.072994,0.036716
-0.075243,0.047639
0.035221,-0.012505
0.045281,-0.023146
-0.033925,0.038992
-0.0085255,0.02829
0.033835,0.016426
0.04144,-0.035666
0.10243,-0.014266
0.042205,0.04572
-0.023091,0.063313
0.049018,0.12464
0.078441,0.052893
-0.030837,0.050359
0.053741,0.023276
0.055878,0.038155
0.10361,0.035454
0.14807,0.019567
-0.027944,0.045074
-0.014604,0.06485
-0.012776,0.080855
-0.067899,0.014297
-0.064223,-0.00085911
-0.066414,-0.021815
-0.071576,-0.035233
-0.070532,-0.046572
-0.075951,-0.06123
0.017914,0.062719
0.01584,0.070644
0.010425,0.077214
-0.051574,-0.0406
-0.035661,-0.038201
-0.022782,-0.047377
-0.027727,-0.056198
-0.036528,-0.058146
-0.049145,-0.065984
-0.051946,-0.078854
-0.071883,-0.083653
0.017545,0.048525
0.0012358,0.033319
-0.03889,0.013655
-0.077028,-0.0063671
-0.12465,-0.026044
0.0092799,-1.0304e-05
-0.023436,-0.049895
-0.057977,-0.098088
-0.012112,-0.01765
-0.024906,-0.048231
-0.038962,-0.073731
0.049182,0.012274
0.058379,-0.024373
0.052776,-0.038598
0.046536,-0.032937
0.040566,-0.0066887
0.049484,0.02617
0.048562,0.062595
-0.033283,-0.058366
-0.014371,0.066532
0.017999,0.11333
0.03237,-0.0042493
0.077281,0.014251
-0.013511,-0.022476
0.018321,-0.032991
0.064855,-0.017845
-0.0014495,-0.022281
0.0018289,0.0053343
0.00755,0.034388
0.0014812,0.057611
-0.0048321,0.069472
-0.036891,0.085298
-0.00090975,0.041882
-0.033697,-0.0011036
-0.080966,-0.043801
0.056782,0.097969
-0.014187,0.055524
-0.016865,0.10342
-0.039197,0.01118
-0.042844,-0.018025
-0.039303,-0.045776
-0.019785,-0.059756
-7.8813e-05,-0.086912
-0.0088612,0.023357
0.02122,-0.0090555
0.051717,-0.024885
0.08155,-0.021052
-0.083874,0.017899
-0.033836,0.0015534
-0.0036098,0.00055729
0.032408,0.0044053
0.063551,0.028342
0.10008,0.024823
-0.036544,-0.026636
-0.00044602,-0.048078
0.046442,-0.072773
-0.0092642,-0.011392
0.029205,-0.080802
0.022532,0.12349
-0.010603,0.10829
0.017415,-0.058296
0.01697,-0.12081
0.038151,-0.0058115
0.061274,0.018046
0.065272,0.038201
0.046971,0.071898
-0.01697,-0.059058
-0.047949,-0.055048
-0.085835,-0.052548
-0.028812,-0.024796
-0.038226,0.020206
-0.04848,0.074629
-0.0299,-0.0029697
-0.073875,-0.023227
-0.11954,-0.037995
0.00065331,-0.00030048
-0.030278,0.030267
-0.05966,0.060474
-0.018152,-0.034024
-0.0097058,-0.064368
-0.0036043,-0.083036
0.01415,-0.099013
0.029039,-0.12368
0.014836,0.015865
-0.0051793,0.031269
-0.019516,0.034976
-0.028002,0.03395
-0.029262,0.019167
-0.0097255,0.0010168
0.0036662,-0.01603
0.034325,-0.047087
0.069878,-0.078012
-0.013678,-0.0055684
-0.0013317,-0.025003
0.0089299,-0.041052
-0.041943,0.025921
-0.028344,0.046347
-0.014891,0.073926
0.065963,-0.027304
0.066194,-0.018773
0.058895,-0.020814
0.033758,-0.017031
0.0046678,-0.014844
-0.027898,-0.030008
-0.069065,-0.061717
0.023225,-0.018517
-0.0035969,-0.046685
-0.033295,-0.080307
-0.072274,-0.10535
0.00021096,0.0028999
-0.022757,0.038864
-0.048155,0.068571
0.040088,-0.045645
0.024808,-0.061879
0.036681,0.08374
0.05073,0.086478
-0.0043594,-0.024723
-0.015212,0.0092697
-0.029482,0.048651
-0.056774,0.096416
-0.039578,0.010764
-0.044674,0.062471
-0.047921,0.11458
0.0083951,-0.012882
0.00013756,-0.056553
-0.01959,-0.10578
0.11532,-0.047836
0.069387,-0.036884
0.054613,0.04562
-0.036969,-0.012787
-0.071872,-0.058752
-0.013201,-0.028994
-0.0099645,-0.073054
-0.0056523,-0.12212
-0.076258,-0.053635
-0.097296,-0.062275
0.023092,0.074169
0.041606,0.068878
0.052841,0.071129
-0.010705,-0.028557
-0.024687,-0.026257
-0.052156,-0.022979
-0.096421,-0.0064147
0.012103,-0.09209
-0.041344,-0.0004325
-0.069834,0.051456
0.030547,0.020431
0.090049,0.076089
-0.038273,0.098405
-0.051336,0.032846
-0.032166,0.067516
0.027423,0.0016594
-0.021531,-0.019936
-0.076389,-0.050509
0.031233,0.058283
0.01097,0.094422
-0.029644,0.025621
0.0007808,-0.0094976
0.021354,-0.029134
0.044536,-0.03603
0.062113,-0.034022
0.067766,-0.035409
0.067448,-0.032934
0.065029,-0.02257
0.058846,-0.0071215
0.06318,-0.0064996
0.069178,-0.00095094
-0.063493,0.021569
-0.052076,0.0041549
-0.037138,-0.008607
-0.019107,-0.028286
0.00869,-0.0438
0.0025289,0.026712
0.026196,-5.6554e-05
0.051977,-0.015667
0.044403,-0.0098308
0.070838,-0.022387
0.08304,-0.038577
0.097573,-0.041004
-0.0015495,-0.041383
-0.0060349,-0.035691
-0.010849,-0.045425
-0.017735,-0.075743
0.020309,-0.024757
-0.048816,-0.03163
-0.069585,-0.015748
-0.12012,-0.015966
0.021809,-0.018682
-0.013141,-0.022914
-0.035279,-0.032039
-0.044542,-0.048079
-0.024679,-0.022512
-0.030779,-0.0058124
-0.044585,0.024231
-0.056079,0.060835
0.005026,-0.022115
0.010618,0.005709
0.0015553,0.023809
-0.013022,0.034196
-0.036646,0.041545
-0.072633,0.060225
0.045668,-0.0093761
-9.9535e-05,0.031761
-0.0051291,0.053859
-0.0090395,0.099762
0.030017,0.069051
0.020415,0.084741
-0.020234,0.046152
-0.039817,0.01923
-0.076957,-0.0083858
-0.12582,-0.036773
0.00021437,-0.018542
-0.026907,-0.027739
-0.042172,-0.028171
-0.046468,-0.028992
-0.031151,-0.02824
0.0022394,-0.012785
0.035627,0.0043043
0.068591,0.0337
-0.039275,-0.017993
-0.01854,-0.058495
-0.026957,0.048784
-0.056034,0.018086
0.076474,0.00085743
0.03143,0.0354
0.061536,0.034401
0.096098,0.045304
0.029673,-0.084371
0.069573,-0.10404
0.070008,-0.0028436
0.10557,0.019631
-0.020085,0.0017535
-0.020846,-0.013798
-0.023757,-0.010261
-0.022622,0.0061295
-0.026586,0.037387
-0.042208,0.066548
0.049588,-0.019489
0.028872,-0.038377
-0.0030811,-0.070454
0.00044115,-0.028868
-0.030676,-0.014233
-0.056563,-0.00040538
-0.080319,0.012325
0.020076,-0.00092767
-0.0030733,-0.012692
-0.021739,-0.012842
-0.033098,-0.019342
-0.034045,-0.02483
-0.040901,-0.0089056
-0.051442,0.012936
-0.062707,0.028224
-0.077356,0.043971
0.062035,-0.028978
0.065156,-0.040265
0.070124,-0.036548
0.062622,0.0018637
0.061266,-0.011901
0.051752,-0.043709
0.058732,-0.069059
-0.053804,-0.034412
-0.069672,0.0070526
0.032516,0.0056336
0.092202,0.034892
0.015476,-0.025882
0.052026,-0.042272
0.089805,-0.073451
0.049605,0.016176
0.08944,0.045252
0.013204,0.001626
0.017786,-0.040569
0.029963,-0.073151
0.014318,-0.0076821
-0.0073482,-0.00080414
-0.024546,0.028087
-0.050643,0.068135
-0.0036747,0.017786
-0.050741,-0.0019576
-0.10841,-0.010579
-0.0025721,0.02528
-0.032129,-0.019889
-0.052452,-0.067156
-0.015191,0.023387
-0.023769,-0.018904
-0.023051,-0.055665
-0.036456,-0.099389
0.0061079,0.025852
-0.033717,0.057667
-0.076271,0.084393
-0.059147,-0.052461
-0.10805,-0.05202
-0.0078837,-0.010241
-0.033989,-0.001899
-0.050629,0.0023777
-0.051899,0.0089074
-0.040146,0.026448
-0.015997,0.052299
0.027267,-0.027121
0.020746,0.023289
0.019045,0.080039
-0.043125,0.033976
-0.078619,0.075994
0.034862,-0.02427
0.085859,-0.051284
-0.020844,-0.028768
0.019579,-0.037836
0.055068,-0.04004
0.046877,-0.0027074
0.012448,-0.012225
0.022496,-0.019528
0.031625,-0.014898
0.035966,-0.026336
0.035268,-0.022234
0.048282,-0.018081
0.065485,-0.0084859
0.080896,-0.0066519
0.082968,0.003347
0.077598,0.020102
0.061996,0.036159
0.037492,0.054759
0.0086815,0.062826
-0.017503,0.061237
0.033181,-0.018207
0.030871,-0.030938
0.047588,-0.046579
0.027786,-0.014131
0.035012,-0.047411
0.019377,-0.052689
0.034282,-0.073671
-0.031105,-0.0096659
-0.013412,-0.0052307
0.0040715,0.00048937
0.02701,0.015169
0.050584,0.037839
-0.0047978,0.036916
0.0072135,0.018627
0.012482,0.012354
0.0096838,0.0062642
0.0025363,-0.006179
0.012751,-0.0054881
0.026903,-0.00029743
0.047462,0.017667
0.08218,0.04441
-0.051159,0.045664
-0.082265,0.087142
-0.040807,0.019639
-0.095191,0.0056492
0.04598,-0.015036
0.043903,0.049912
0.043966,0.11158
-0.078636,0.011004
0.057886,-0.028358
0.022801,0.039076
0.0042156,0.017344
-0.0029744,-0.0063358
-0.0088122,-0.039612
-0.0053596,0.018481
0.027396,0.010083
0.06542,0.010832
-0.062079,-0.012179
0.010071,0.053662
0.066225,0.065565
-0.063637,-0.021675
-0.065116,-0.068839
-0.061503,-0.12077
-0.032816,-0.030439
-0.00019485,-0.076003
-0.03979,-0.044458
-0.03352,-0.07236
-0.023398,-0.088481
-0.0083298,-0.11786
0.020864,-0.032078
0.037587,-0.016121
0.056115,0.014205
0.078768,0.048784
0.085965,0.096195
-0.062249,0.0062932
-0.12363,0.047066
-0.031263,0.051816
-0.08201,0.093818
0.056321,0.024762
0.084911,0.077338
0.047333,-0.015564
0.072847,-0.0010692
0.093153,0.0082203
0.12017,0.022161
-0.011916,0.027398
0.013922,0.058842
0.014376,0.077183
-0.023467,-0.057397
-0.046753,-0.056983
0.015655,0.051413
-0.007383,0.041987
-0.024809,0.036608
-0.041432,0.020222
-0.051313,-0.0077287
-0.066118,-0.033783
-0.022756,0.014365
0.037617,0.024042
0.098778,0.052375
-0.025226,-0.08798
0.067338,0.039535
-0.1318,-0.094984
0.10438,-0.062347
0.0088416,-0.0010395
0.052671,0.026659
0.081532,0.054596
-0.024591,0.058895
-0.012926,0.089188
-0.020929,0.11288
-0.022167,-0.072837
0.02921,-0.090451
-0.058778,0.030396
0.029158,0.022037
0.10222,0.078027
-0.0093633,0.12059
0.019407,0.023654
-0.012955,0.015988
-0.07927,0.06093
-0.0065287,0.020641
-0.072057,0.072275
-0.02581,0.046491
-0.077504,-0.0016466
-0.042067,-0.0048078
-0.082743,0.0012798
-0.10896,0.013556
0.012616,0.039525
0.024021,0.032158
0.052247,0.018275
0.087487,3.7592e-05
-0.013766,-0.027076
0.01515,0.053594
0.069087,0.042488
0.026616,-0.061244
0.0077577,-0.0059646
-0.0014607,-0.083087
0.07318,0.05639
-0.03627,-0.055733
-0.083756,-0.11024
-0.050097,-0.0089852
-0.05622,-0.031339
-0.069186,-0.051561
-0.082984,-0.064851
0.031276,-0.049089
0.01658,-0.067121
0.01753,-0.083561
0.033868,-0.092201
-0.048669,0.0095577
-0.013332,-0.0043447
0.018646,-0.023314
0.068649,-0.052007
0.052729,-0.089917
0.096236,0.024453
0.049906,0.0042288
0.10159,0.036833
0.056331,0.031022
0.063898,0.060149
-0.0046953,-0.034827
-0.039946,-0.034499
-0.028637,0.11282
0.0070409,-0.023898
0.073968,0.020878
0.14502,0.060452
-0.099393,-0.0023138
0.037503,0.054067
0.059535,0.13776
0.077521,0.077677
0.0096077,0.062365
0.013487,0.11374
-0.016716,0.030822
0.0032103,0.045138
0.043834,-0.047307
0.04202,-0.040728
0.037919,-0.043596
0.038665,-0.052944
0.044112,-0.065565
0.053691,-0.082287
-0.045458,0.035583
-0.080304,0.028951
-0.010081,0.035839
0.029486,0.0068396
0.073929,-0.0049452
0.090524,-0.0088224
-0.029747,0.0042611
-0.00049096,0.032216
0.029444,0.070296
0.045732,0.0066653
0.072079,-0.035027
0.0051028,-0.021338
0.018945,-0.050557
0.021022,-0.077798
-0.041374,-0.043382
-0.040452,-0.057462
0.00085389,0.07048
-0.0066482,0.051336
-0.0086454,0.050749
-0.015565,0.062372
-0.025386,0.076992
-0.065691,-0.015927
-0.071184,0.014896
0.081872,-0.035066
0.10831,-0.031402
-0.012543,-0.012461
-0.024554,0.016695
-0.034401,0.047248
-0.037584,0.071565
-0.035591,0.076027
-0.023636,0.073942
-0.026047,0.066443
-0.03053,0.043868
-0.03718,0.012399
-0.043984,-0.028663
-0.044032,-0.068463
0.04016,-0.017757
-0.00041946,-0.046281
-0.035257,-0.056522
-0.033492,-0.029819
-0.04719,-0.0036094
-0.037303,0.0078954
-0.014682,0.023014
0.0080668,0.038194
0.029586,0.056083
0.040079,0.0028968
0.04565,0.025726
0.065448,0.032925
-0.018121,0.010269
0.0099338,0.0011791
0.038346,-0.01861
0.05861,-0.027063
0.077454,-0.034412
0.098294,-0.048085
0.0030441,-0.0023678
0.0095648,-0.012018
0.00066963,-0.031964
-0.013555,-0.063524
0.013075,-0.046712
-0.0099511,-0.062934
-0.023564,-0.085059
0.090302,8.7165e-05
0.0976,-0.036073
0.030103,-0.055935
-0.0097143,0.044397
0.021981,0.024288
0.040189,-0.00047481
0.045761,-0.02961
0.046658,-0.053092
0.038329,-0.080194
0.023205,-0.11648
0.092679,0.005816
0.09363,-0.050207
0.021383,-0.054401
-0.050865,-0.058594
0.0067487,-0.055809
0.064362,-0.053024
-0.030134,0.022866
-0.0077919,-0.05759
-0.028251,-0.058457
-0.050172,-0.039254
-0.067196,-0.013921
0.0022965,0.038019
-0.0051576,0.073949
-0.0014532,0.10792
0.048781,0.068947
-0.081077,0.065455
-0.045523,-0.028279
-0.032289,0.01143
0.0019772,0.058934
-0.064241,0.094501
0.039455,0.007826
0.081059,0.054074
-0.035877,-0.03845
-0.09069,-0.025019
0.11083,0.053148
0.035177,0.037517
0.01834,0.047145
0.015911,0.065937
-0.01314,0.053602
-0.0068255,0.042663
-0.0065852,0.034073
-0.012438,0.01965
-0.022458,0.010605
-0.03833,-0.017706
-0.057761,-0.058786
-0.0077689,0.028187
0.023903,0.011011
0.071385,-0.0075119
0.11534,-0.0059565
0.059163,-0.083295
0.0086748,-0.043786
0.045223,-0.024047
0.08263,-0.0060551
0.031832,-0.032998
0.013139,-0.067568
-0.0018545,0.025117
0.016007,0.023019
0.023557,0.021875
0.010174,0.023489
0.0072694,0.024224
-0.0097522,0.025612
-0.033078,0.018019
-0.052631,-0.0033291
-0.014579,-0.012499
-0.042218,0.011409
-0.06003,0.038786
-0.064887,0.066055
0.010729,-0.031923
0.011977,-0.01786
0.00211,-0.0089149
-0.0070186,0.0056999
0.0011522,0.019441
0.031749,0.027202
0.063405,0.013332
0.024943,-0.07513
0.017649,-0.048229
0.011592,-0.0093274
0.0075133,0.033564
-0.025805,-0.0088809
0.005533,-0.033964
0.040749,-0.06805
0.043218,-0.082791
-0.014862,0.0076904
0.0046403,0.022242
0.021146,0.017636
0.04404,0.0097166
0.058603,0.0081065
-0.057054,0.026611
-0.054963,0.024302
-0.050423,0.022066
-0.036815,0.037479
-0.028949,0.048826
-0.026406,0.07393
-0.013295,0.026425
-0.056289,0.0096109
-0.10305,-0.0024663
-0.0057459,0.0093447
-0.046046,0.044847
-0.025566,-0.024041
-0.072052,-0.03161
-0.03989,-0.073051
-0.020592,-0.10484
-0.028116,-0.087335
-0.051588,-0.080817
0.0086697,0.061845
0.031224,0.034094
0.053461,0.01826
0.045556,0.013323
0.046044,0.0032445
0.04947,-0.0032443
0.056105,-0.010289
0.059348,-0.019916
0.065586,-0.032818
0.072665,-0.046302
0.012696,0.012989
0.018429,-0.007035
0.043847,-0.03375
0.088613,-0.049021
0.0051762,-0.065717
0.062542,-0.06194
0.036524,0.012928
0.10108,-0.020289
-0.0016297,-0.060459
0.068627,-0.094995
-0.018246,0.066133
0.011962,0.13294
0.085723,0.10309
0.075311,0.054291
-0.04933,-0.028621
-0.033032,-0.062566
0.0024855,-0.087253
0.040522,-0.11324
0.049241,-0.056642
0.078314,-0.025287
0.098931,0.0031964
-0.026081,-0.00083835
-0.055238,0.024489
0.012771,-0.028604
0.10864,0.014201
0.12777,0.062742
0.01141,0.0012179
-0.046963,-0.0094308
-0.096366,-0.022489
-0.010974,-0.0030971
-0.068078,0.011102
-0.12035,0.014832
0.034767,-0.0094209
0.089339,-0.060201
-0.0039853,-0.053705
0.036287,0.039034
-0.019358,-0.030941
-0.037301,-0.10217
-7.614e-05,-0.038195
-0.014558,-0.10259
-0.0036002,0.0042604
0.022247,-0.025544
0.01002,-0.022083
0.013902,-0.051508
0.036021,-0.076039
0.024167,0.030626
0.045943,0.047184
0.061398,0.066715
0.061084,0.083831
0.053038,0.03553
0.026377,0.042511
-0.0076244,0.045449
-0.043586,0.0433
-0.085169,0.040284
0.052328,0.024622
0.02205,-0.050453
-0.0091758,-0.080956
-0.057563,-0.089774
0.061204,-0.0050114
0.086838,0.04813
-0.036959,-0.038935
-0.093239,-0.039142
0.077407,0.082551
-0.041399,0.0073134
-0.090561,0.01904
-0.1167,0.024053
0.049436,0.0058235
0.055457,0.021014
0.066646,0.037757
0.017517,-0.076929
0.053811,-0.07772
-0.030359,0.0093693
-0.04023,-0.040213
-0.049563,-0.10414
0.086556,-0.032488
0.042842,-0.04671
0.015081,-0.10012
-0.01554,-0.02255
0.025162,-0.0271
0.052309,-0.026735
0.07774,-0.031239
0.025955,0.070352
0.030102,0.062614
0.022192,0.05301
0.0089685,0.056242
-0.0048206,0.079956
-0.024447,0.12067
0.013822,0.055023
-0.013398,0.089509
-0.023746,0.025011
0.021611,0.019155
0.034128,0.016487
0.016984,0.061193
0.042099,0.019425
0.064389,0.03533
0.084041,0.062969
0.10429,0.086832
0.0099163,-0.012952
-0.038499,-0.032566
-0.076511,-0.081779
-0.03403,0.059113
0.0023291,0.012284
-0.064757,-0.015206
-0.037842,-0.047433
0.0067359,-0.11518
0.021138,-0.034608
0.061424,-0.092769
-0.047652,0.021402
-0.08874,0.01314
-0.04912,-0.033293
-0.073895,-0.041454
0.0068055,0.022368
0.0021861,0.043711
0.0010589,0.060145
-0.0010309,0.071837
0.00022531,0.075767
0.0065285,0.091397
-0.0596,0.036671
-0.038348,0.040783
0.0045884,0.038806
0.070995,0.044752
0.090249,-0.023408
-0.041728,0.062261
-0.025888,0.0089795
-0.027454,0.060136
-0.0063222,0.10685
0.06808,0.057917
0.011331,0.00034855
0.019016,-0.068536
0.06415,0.019095
0.1072,-0.011876
-0.0982,0.011375
0.040835,0.051886
0.077277,0.027595
-0.092234,-0.012722
-0.0033984,0.045544
-0.033161,0.037847
-0.073733,0.044606
0.029652,-0.050541
0.012646,-0.088174
0.064475,0.031701
0.049383,-0.0075119
0.032513,-0.040147
0.019805,-0.07506
-0.043049,-0.0028561
-0.046025,-0.053762
-0.097821,0.022112
-0.04209,0.034814
-0.095439,0.032195
-0.0024279,-0.045527
-0.026055,-0.020344
-0.036699,-0.0019121
-0.031116,-0.00095941
-0.015673,-0.0072297
0.012481,-0.024073
0.046554,-0.050625
0.075683,-0.078741
-0.018567,0.030386
0.0069374,0.026056
0.041442,0.031774
0.097391,0.041721
-0.030472,0.031773
-0.025542,0.093505
0.057376,0.024221
0.075613,0.067448
0.096139,0.10729
0.085273,-0.035612
-0.061925,-0.0003381
-0.015038,-0.0081702
0.0065881,-0.014813
0.016753,-0.017433
0.01836,-0.012804
0.011349,0.01345
0.0030674,0.044743
-0.0060535,0.069826
-0.012803,0.04158
-0.049367,0.023255
-0.087891,-0.0033981
-0.017921,-0.017853
-0.014463,0.027418
-0.054415,0.066085
-0.019688,-0.052262
-0.020795,-0.096047
-0.022466,-0.13148
-0.024666,-0.062998
-0.024282,-0.056156
-0.02365,-0.047365
-0.014251,-0.025152
0.012368,-0.0090035
0.047714,0.012955
0.082467,0.030236
0.021452,0.0071808
-0.00074369,0.04401
-0.0094004,0.07175
-0.015173,0.10463
-0.0051545,0.011279
0.011068,-0.023978
0.014637,-0.072985
0.0087159,-0.12377
0.0068223,-0.0022682
0.049166,0.00049291
0.093056,0.0068888
-0.06712,-0.044781
0.014807,-0.034587
-0.0070746,-0.088357
-0.02015,-0.07446
0.046974,0.023929
0.043209,0.017313
0.027554,0.031272
-0.019538,0.046521
-0.014962,-0.016184
-0.010116,0.050438
-0.0057549,0.11679
-0.097906,0.067237
0.06079,0.056794
0.038665,0.13091
0.025173,0.1058
-0.072791,0.025088
-0.0036079,0.01241
-0.044358,0.0033476
-0.064144,0.0007098
-0.074219,-0.0028714
-0.086413,-0.0082695
-0.096837,0.004969
0.067728,-0.034946
0.089412,-0.037055
-0.047256,0.036093
-0.02348,0.032994
0.0031901,0.024781
0.026678,0.019937
0.045067,0.019134
0.092921,0.012868
-0.023489,-0.0041848
0.023732,0.010356
0.072943,0.026891
-0.041017,-0.034799
-0.022586,-0.090136
0.048704,0.046348
-0.094805,-0.050338
0.010527,-0.03965
0.027648,-0.023508
0.03999,-0.011196
0.057977,0.012608
0.086697,0.027672
0.11608,0.046877
0.019442,-0.010122
0.00087898,-0.042205
-0.012366,-0.067058
-0.015724,-0.082727
5.6609e-05,-0.072696
-0.013888,-0.064163
-0.052214,-0.056382
-0.097478,-0.042952
0.10574,0.0014563
-0.011316,-0.032196
-0.062187,-0.024188
-0.12332,-0.0089948
0.0056353,0.05094
-0.012631,0.12049
-0.014595,0.10121
-0.041136,-0.01531
-0.067163,-0.039592
0.062471,0.034411
0.050998,0.052556
0.044557,0.069552
0.0088886,-0.03524
-0.0077901,-0.032761
-0.017863,-0.017785
-0.02737,-0.010714
-0.031976,-0.0091461
-0.045772,-0.016993
-0.053548,-0.041209
-0.062421,-0.064758
-0.082111,0.043251
0.042895,0.03984
0.056279,0.078595
-0.036389,0.050785
-0.018885,0.12946
0.0052975,-0.095072
0.037084,-0.020885
0.054481,-0.094765
0.023555,-0.026643
0.065584,-0.030953
-0.0059798,-0.062172
-0.032096,-0.12608
-0.11037,0.0088802
-0.026677,0.038252
0.025274,0.0090965
0.072921,-0.012644
0.068188,0.033032
-0.0010504,0.0068535
0.0063172,-0.062528
-0.035401,0.024868
-0.099807,0.056078
-0.033595,-0.0089406
-0.032335,-0.081439
-0.027516,-0.0091191
0.009444,-0.0097349
-0.030094,-0.04486
0.029711,0.04939
-0.010928,0.072536
0.00016302,-0.051825
-0.039847,-0.069895
-0.066807,0.014794
-0.069381,0.032989
-0.075546,0.027802
0.032881,0.049187
0.047487,0.045514
-0.043845,-0.017793
-0.021427,-0.035614
0.0020791,-0.049511
-0.047238,0.013425
-0.048047,0.0015463
-0.060471,-0.0073979
-0.0016014,-0.009994
0.01049,-0.0037146
0.045741,-0.0065431
0.096934,-0.0045277
-0.022576,-0.012919
0.025689,-0.0058895
0.052885,-0.0077709
0.024725,-0.0026789
0.029878,-0.011732
0.050748,-0.020707
0.071275,-0.030295
0.080033,-0.024255
0.08759,-0.019382
0.086301,-0.022499
0.075777,-0.029575
0.055453,-0.018189
0.040168,-0.0048754
0.016983,0.0057095
-0.0027821,0.017627
-0.022728,0.040268
0.029853,0.078674
-0.0099614,0.036001
-0.038068,0.064826
0.020433,-0.020958
0.023843,-0.053336
0.026269,-0.071297
0.030885,-0.080691
-0.0045559,0.056706
-0.0047354,0.062023
-0.011287,0.083008
0.029906,-0.021823
0.043164,0.019927
0.058072,0.059844
0.017731,-0.015233
0.030996,-0.060641
-0.011629,-0.017743
-0.0072064,-0.06081
-0.011963,-0.11024
0.048383,0.06853
0.07312,0.075839
0.094447,0.085049
0.056489,-0.0018904
0.054398,-0.02735
0.061938,-0.057629
-0.050886,-0.01748
-0.042707,-0.0069196
-0.049973,-0.0072851
-0.054266,-0.022893
-0.066578,-0.043812
-0.086867,-0.071862
0.037062,0.013302
0.033163,0.055625
0.024244,0.10769
0.052067,-0.06116
-0.040935,0.0052353
-0.080714,-0.045089
-0.032995,0.071587
-0.009716,0.12229
0.050294,0.067378
-0.0096058,-0.027485
-0.0044176,0.0026416
0.0017412,0.032249
0.01801,0.067402
-0.020449,0.020866
-0.05944,0.018475
0.0015056,0.016214
0.023654,0.067313
0.040099,0.10574
-0.022673,-0.017515
-0.013219,0.0025406
-0.0068234,0.027227
0.010661,0.055228
-0.018249,0.036447
-0.0098677,-0.015319
-0.006536,-0.076447
-0.075757,0.024768
0.026592,-0.077502
-0.10358,-0.039846
0.065903,-0.11003
0.098242,-0.024837
0.02952,-0.058546
0.022823,-0.12373
-0.0010572,-0.031815
0.040511,-0.074699
-0.0065038,-0.022445
-0.044545,-0.026893
-0.051004,-0.039388
-0.026159,-0.047845
0.017657,-0.056627
0.077003,-0.051179
-0.034542,0.014539
-0.12508,0.065285
0.015639,0.10062
-0.05659,0.074855
-0.051049,0.050499
0.11117,-0.026342
0.166,0.061589
-0.13275,0.12732
0.018304,0.16176
-0.089874,0.14114
0.070261,0.11276
0.016824,0.048269
0.006293,0.090865
0.030491,0.025147
0.047275,0.032542
0.065397,0.02441
0.07325,0.014738
0.072693,0.002881
0.05769,-0.011014
0.032475,-0.034097
-0.0079584,-0.06603
0.031074,-0.026658
0.015799,-0.09912
0.033076,-0.055466
0.0089502,-0.15498
-0.088035,-0.10686
-0.068807,-0.10864
-0.015943,-0.10982
0.09519,0.0090207
0.035524,-0.0020005
0.12441,-0.056234
0.12979,-0.11141
-0.090713,-0.08308
0.010879,-0.052829
0.060546,-0.093795
-0.016133,-0.020851
-0.048162,-0.021959
-0.059873,-0.018101
-0.075502,-0.0075805
-0.079715,0.017734
0.039852,-0.039655
0.0063608,-0.015421
-0.0408,0.00010479
-0.097294,0.025262
0.064698,-0.057766
0.031944,-0.075024
0.078071,-0.12183
-0.030985,-0.021184
0.10767,-0.026714
0.023871,-0.093515
-0.066353,0.0073139
-0.16111,-0.019081
-0.10579,0.010532
-0.058967,-0.086102
-0.02252,-0.066497
-0.092282,-0.12227
0.011835,-0.14848
0.12538,-0.0067306
0.059198,0.060033
0.050661,0.0024959
0.051697,0.051025
0.077618,0.11283
-0.054267,0.036724
-0.088015,0.085224
0.009655,0.043507
-0.044321,0.064619
0.013777,0.0099848
0.0052792,0.027815
-0.018851,0.040918
-0.058995,0.041741
-0.085337,0.028367
-0.023842,0.0076439
-0.08744,0.0087639
0.075558,0.044648
0.066245,0.086395
0.027963,0.063471
-0.0038751,0.084362
-0.002674,0.038511
-0.036084,0.065379
-0.060624,0.075372
-0.057913,-0.0078573
-0.042583,0.01794
-0.029318,0.052038
-0.016502,0.092542
-0.041538,-0.0021951
-0.055026,0.026854
-0.07064,0.062884
-0.016465,-0.027203
-0.032067,0.0094806
-0.056817,0.036809
-0.019925,0.0041355
-0.007132,-0.036376
0.0039719,-0.0802
-0.014,0.061255
-0.037816,0.08145
0.073794,-0.03695
0.062471,-0.071657
0.056111,-0.11476
0.02749,0.018348
-0.0074162,0.023583
-0.03985,0.012777
-0.066325,0.0081089
0.049786,0.011489
-0.053016,-0.0062572
-0.022049,-0.016148
0.015074,-0.029595
0.052713,-0.045497
-0.0054173,-0.041878
0.027957,-0.041321
0.057826,-0.04161
0.091707,-0.027706
-0.074994,0.088347
0.012618,0.0030728
-0.012215,0.052692
0.013432,-0.014815
0.093999,0.011788
-0.019115,0.08137
0.13129,-0.066763
0.073866,0.054551
0.0037302,0.083177
0.055976,0.0065775
0.10083,-0.0092679
0.022888,0.023015
0.021305,0.02546
0.052406,0.023463
0.091119,0.015037
0.011436,0.0081146
-0.058681,0.034046
0.061763,-0.027934
-0.007812,-0.026513
-0.03972,-0.081652
-0.01745,0.015964
-0.059683,-0.035032
-0.11182,-0.070789
-0.041707,0.045255
-0.045119,-0.056231
0.088367,-0.026308
0.14276,-0.0726
0.020147,-0.12009
-0.0017495,-0.027119
0.027944,-0.075665
0.039987,-0.1302
-0.071065,-0.03087
-0.10433,-0.048284
-0.011468,-0.009463
-0.050615,0.037416
-0.084464,0.093671
-0.011045,0.069935
-0.018528,0.02753
-0.026128,0.096116
-0.056659,0.013717
-0.11042,-0.0083993
-0.11041,0.023441
-0.023232,-0.023682
-0.020505,0.025213
-0.010894,0.071868
0.0068718,0.1069
0.053034,0.0016969
0.078139,0.032847
0.11007,0.05887
0.035063,-0.0027859
0.039753,0.029607
-0.057714,-0.0065727
-0.040349,0.016727
-0.015437,0.03608
0.019654,0.053984
0.050461,0.075441
-0.037437,0.058423
0.036187,0.018252
0.081723,0.0028076
0.12493,-0.0083836
-0.019085,0.012849
0.0039483,0.050311
0.032189,0.081236
0.045076,-0.028545
0.089889,-0.038806
0.018041,-0.059213
-0.0031414,-0.1267
0.042367,-0.052817
-0.028389,-4.0849e-05
-0.080422,-0.016484
-0.13512,-0.01932
0.018638,-0.0049597
0.07104,-0.041504
0.085221,0.0005639
0.020045,0.0017066
0.009445,-0.051913
-0.00096633,-0.081907
0.014157,0.01205
-0.024078,0.0083692
-0.06327,0.019049
-0.047232,-0.027658
-0.042617,-0.010917
-0.032494,-0.0037595
-0.026903,0.0020921
-0.0098597,0.023295
0.011963,0.045616
0.040542,0.085929
0.016638,-0.069451
-0.024066,-0.084279
-0.069498,-0.097057
-0.052207,0.038588
-0.10111,0.032583
0.035937,0.0088816
0.024756,0.018656
0.018548,0.036476
0.0092086,0.055751
-0.035004,-0.018674
-0.017184,-0.012104
0.0045038,-0.028791
0.017121,-0.055539
0.02794,-0.07909
-0.030697,-0.030486
-0.010321,-0.020334
0.011946,-0.016152
0.047967,-0.022205
0.070356,-0.023456
0.086914,-0.020073
0.10995,-0.012898
-0.04214,-0.0030079
-0.013069,0.035615
0.0093527,0.076522
0.046936,-0.036839
0.069555,-0.031162
0.089415,-0.038536
-0.005152,0.042078
-0.0062307,0.056493
-0.01553,0.069106
0.049583,-0.048358
0.037903,-0.06498
0.035533,-0.068794
0.025465,-0.059412
-0.0010227,-0.042649
-0.041411,-0.021915
0.015501,0.026082
-0.039519,0.043147
0.016187,0.069989
0.043578,0.016038
0.071407,0.080799
-0.0064832,0.027881
0.017803,0.080991
-0.033961,0.037478
-0.045958,0.066528
0.057569,-0.027058
0.051892,-0.024008
0.038353,-0.028018
0.012329,-0.041435
-0.017095,-0.056631
-0.046004,0.021493
-0.057422,-0.025984
-0.072081,-0.075521
0.12627,0.001111
-0.085357,-0.032977
-0.0084859,-0.044409
0.014858,-0.1256
-0.03682,-0.12262
-0.0027722,-0.050442
0.034175,-0.096427
0.021724,-0.035858
0.026412,-0.071072
0.046771,-0.09594
-0.0371,-0.040541
-0.047987,0.014503
-0.06796,0.074889
-0.052556,-0.027124
-0.11161,0.019066
-0.028142,0.061599
-0.090151,0.11189
-0.052302,0.011099
-0.032016,0.057497
0.0019887,0.11727
-0.081264,-0.0025307
-0.0028969,0.064877
-0.028309,0.12824
0.015357,0.050736
0.011413,0.10456
-0.052173,-0.040015
-0.081525,-0.042775
-0.015854,0.11488
-0.060177,0.12565
-0.0031034,-0.045627
-0.045911,-0.047252
-0.08298,-0.055552
-0.036037,-0.066183
-0.021128,-0.019329
-0.085115,-0.034097
0.11467,-0.031768
-0.047413,-0.075766
0.085425,0.074913
0.072977,0.081062
0.047447,0.088454
0.070943,0.05693
-0.065854,0.027505
0.048271,0.054888
0.042274,0.050324
0.1112,0.056384
0.099374,0.059934
0.0681,0.028954
0.11202,0.029393
0.0095974,0.0069403
0.031786,0.024653
0.051035,0.042915
0.058632,0.058662
0.051991,0.050127
0.039388,0.026626
0.0091087,-0.01515
-0.025159,-0.058703
-0.0061932,0.025364
-0.091664,0.029186
-0.031213,-0.083977
0.058595,0.034701
-0.084524,-0.044528
0.034939,-0.083719
0.09751,-0.12083
-0.017433,-0.094924
-0.053698,0.0062444
-0.07281,-0.021568
-0.076808,-0.029703
-0.071241,-0.034792
-0.071296,-0.030779
-0.083893,-0.036698
0.024229,0.020847
0.0098479,0.042051
-0.0054637,0.067031
-0.024979,-0.0359
-0.01711,-0.025924
0.012656,-0.019341
0.049575,-0.020388
0.092175,-0.019662
0.0046915,-0.038642
0.062985,-0.037845
0.049307,0.050588
0.0135,0.026391
-0.0076724,0.0084124
0.032564,0.010176
0.065549,0.022552
0.02867,0.048808
0.048634,0.04351
0.053557,0.033734
0.053219,0.02099
0.05415,-0.00021101
0.062139,-0.016586
0.078892,-0.036618
0.092603,-0.054007
-0.033504,0.046343
-0.015848,0.034303
-0.0084059,0.028567
-0.0010254,0.036183
-0.010799,0.039541
-0.025905,0.039851
-0.05565,0.034236
-0.083698,0.024218
0.032501,-0.0097136
0.017276,0.015585
0.0030783,0.025845
-0.0053662,0.038419
-0.016239,0.057312
0.038701,0.0027892
0.033479,0.015152
0.032958,0.023962
0.041189,0.026637
0.046216,0.027247
0.052458,0.027953
0.075213,0.026486
-0.040023,-0.0092494
-0.041295,-0.0064912
-0.050697,-0.0014378
-0.058481,0.016795
0.039512,0.029617
0.016831,0.02523
-0.007515,0.0019068
-0.032181,-0.041218
-0.047479,-0.078399
0.033113,-0.018153
0.078012,-0.028299
-0.017749,-0.0032857
-0.060904,-0.038284
0.025247,-0.06722
0.027952,-0.055751
0.01438,-0.086248
0.0094148,-0.012216
0.022124,-0.016446
0.027023,-0.013777
0.045902,-0.0043869
0.061052,0.015609
0.079789,0.050151
0.099911,0.095087
-0.040803,0.037258
-0.074663,0.079567
0.039648,0.071093
-0.0078856,0.10542
-0.076203,0.012238
0.060508,-0.0075486
0.068987,0.026585
0.072961,0.052579
0.085266,0.071468
0.016842,-0.042803
0.035984,-0.032269
0.049367,-0.025153
0.061938,-0.022928
0.077969,-0.017364
0.10109,-0.01471
-0.03801,0.0060199
-0.026083,-0.0034728
0.0041652,-0.026895
0.028233,-0.062321
0.053938,-0.086891
-0.031846,-0.004817
-0.019017,-0.0074052
-0.0063411,-0.010843
0.0071285,-0.032613
0.023548,-0.06519
-0.05018,0.0067811
-0.06484,-0.036758
-0.089857,-0.070966
-0.04826,0.036428
-0.019274,-0.044263
-0.037627,-0.05055
-0.026491,-0.016802
-0.011295,-0.048259
-0.0041669,-0.070506
0.0030176,-0.1131
-0.039091,-0.024293
-0.071314,-0.013549
-0.099305,0.010282
-0.019192,0.027624
-0.051573,0.01821
-0.068992,0.024634
-0.068966,0.030357
-0.05981,0.041722
-0.046407,0.05839
-0.030737,0.068191
-0.0031299,-0.084021
0.012116,0.059163
0.037501,0.046545
-0.064368,-0.018178
-0.062399,-0.036591
-0.0054551,-0.047586
0.015665,-0.022809
0.032925,0.0031761
0.047329,0.039171
0.076331,0.063547
0.024604,-0.023812
0.043194,-0.02865
-0.010248,-0.0061243
-0.0057456,-0.0013693
0.0022152,0.0014395
0.0060444,0.020315
-0.011085,0.051258
0.0048224,0.060898
-0.035208,0.091318
0.072633,0.05271
0.016933,0.089701
-0.076002,-0.0022869
0.060314,0.0087367
0.081081,0.081732
0.065115,0.024999
0.12508,0.08153
0.018789,0.10647
-0.022875,0.03174
-0.007229,0.063851
0.0081208,-0.091016
0.050317,0.016746
0.039549,0.0028053
0.031296,-0.016602
0.021244,-0.043252
-0.0033951,0.051968
0.016295,0.018041
0.042947,-0.009214
-0.052052,-0.015181
-0.033791,-0.024107
-0.006606,-0.012526
0.033862,0.0095259
0.077825,0.025306
-0.0046757,-0.035853
0.0017311,-0.072753
0.0089613,0.054698
0.025995,0.063516
0.028631,0.015921
0.036426,-0.0047949
0.052679,-0.027629
0.072935,-0.052819
-0.064874,-0.041285
